"id","numBlackSquare","wordBlackSquare","numWhiteSquare","wordWhiteSquare","dimensions","available_dim","color_depth"
"5710cbc5f0ea4","10","hello","10","cure","1920x1080","1920x1040","24"
"5710cbe10cade","10","hello","10","cure","1600x900","1600x870","24"
"5710cbf204d10","10","hello","10","cure","1920x1080","1920x1030","24"
"5710cbf28b1e1","9","Tree","10","Friday","360x640","360x640","32"
"5710cc2b8a642","10","hello","10","cure","1440x900","1440x896","24"
"5710cc5a7829c","10","hello","10","cure","1366x768","1366x728","24"
"5710cca334d60","10","hello","10","cure","1366x768","1366x728","24"
"5710cd0a515bb","10","hello","10","cure","1920x1080","1920x1040","24"
"5710cd289f4c3","9","6","8","8","360x640","360x640","32"
"5710cd99df604","10","hello","10","cure","1536x864","1536x826","24"
"5710cd9d571f2","10","Hello","10","cure","1920x1080","1920x1053","24"
"5710ce6c1308c","9","oranges","10","friday","1280x720","1280x683","24"
"5710ce96dd6a3","10","hello","10","cure","1600x900","1600x860","24"
"5710ceb320fdf","10","hello","10","cure","1440x900","1440x823","24"
"5710cf445718e","10","hello","9","friday","1366x768","1366x728","24"
"5710d140b7c5a","10","hello","10","cure","1600x900","1600x860","24"
"5710d243c9715","10","hello","9","friday","1920x1080","1920x1040","24"
"5710d28fec2d1","10","hello","10","cure","1280x800","1280x773","24"
"5710d71ff24c3","10","hello","9","friday","1366x768","1366x738","24"
"5710d7b312b93","8","Orange","9","Friday","414x736","414x716","32"
"5710d87585247","9","World","10","cure","1920x1080","1920x1040","24"
"5710d8ca226a2","10","hello","9","friday","1600x900","1600x860","24"
"5710d8d6aecd6","10","hello","10","cure","1280x800","1280x708","24"
"5710d9a94ba8d","8","Oranges","10","Cure","360x640","360x640","32"
"5710d9dcc23f0","10","NONE","10","NONE","1280x800","1280x773","24"
"5710da94bf1f3","10","Hello","9","Friday","320x480","320x460","32"
"5710dc0f49c60","10","hello","10","cure","1920x1080","1920x1040","24"
"5710dc97aac05","10","hello","9","friday","1366x768","1366x728","24"
"5710e3d7c1247","9","World ","10","Cure","375x667","375x647","32"
"5710e442add22","10","hello","9","friday","1366x768","1366x728","24"
"5710e47f4b50f","10","hello","10","cure","1280x800","1280x723","24"
"5710e540a9514","9","World ","10","Cure","768x1024","768x1004","32"
"5710e5bc55564","10","hello","10","cure","1366x768","1366x728","24"
"5710e60f69205","10","hello","9","friday","1280x800","1280x773","24"
"5710e80e91119","9","world","9","friday","1280x800","1280x796","24"
"5710e9f31cdc4","10","hello","10","cure","1417x797","1417x758","24"
"5710ea84d4c6f","9","world","10","cure","1920x1080","1920x1032","24"
"5710ead0f1348","10","hello","10","cure","1280x800","1280x773","24"
"5710eb0f0132e","9","World","10","Cure","360x640","360x640","32"
"5710eda96f483","9","World","10","Cure","360x640","360x640","32"
"5710ee3fd83e6","10","hello","10","cure","1280x720","1280x680","24"
"5710ee55dcd72","10","hello","9","friday","1440x900","1440x860","24"
"5710ee9e58646","10","hello","10","cure","1440x900","1140x848","24"
"5710f10744167","8","Oranges","9","Friday","320x568","320x548","32"
"5710f9e95c1a5","10","hello","9","friday","1600x900","1600x860","24"
"5710ffa5dd7be","10","hello","9","friday","1920x1080","1920x1032","24"
"57110028bc74b","10","none","10","NONE","1280x800","1280x770","24"
"57110282c560b","9","world","10","cure","1680x1050","1680x1023","24"
"571103343658b","9","world","10","cure","1920x1080","1920x1030","24"
"57110a0040168","10","Hello","10","Cure","320x534","320x534","32"
"57110a7adf0e0","10","hello","9","friday","1920x1080","1920x1040","24"
"57110d2fab145","10","Hello","10","Cure","375x667","375x647","32"
"5711106ab212a","10","hello","9","friday","1920x1080","1920x1040","24"
"5711148c11035","10","Hello","9","Friday","360x640","360x640","32"
"5711149df2d2a","10","hello","10","cure","1366x768","1304x768","24"
"57111b0135816","7","tree","9","friday","360x640","360x640","32"
"57111b2c36e0c","6","dog","8","illusion ","720x1280","720x1280","32"
"57111f6c42412","10","hello","10","cure","1366x768","1366x768","24"
"5711231e370f2","10","hello","10","cure","1440x900","1440x848","24"
"571123dc69a60","10","hello","6","walk","1920x1080","1920x1040","24"
"571124ccba592","10","Hello","10","Cure","360x640","360x640","32"
"57112779b2f81","10","-","10","Cure ","360x640","360x640","32"
"571128aba60e2","10","hello","10","NONE","1366x768","1366x728","24"
"57112a657ac25","10","hello","9","friday","1366x768","1366x720","24"
"57112b9e10661","9","world","9","friday","1366x768","1366x728","24"
"57112cb820ea5","10","world","10","cure","1440x900","1440x823","24"
"57112ce735a14","9","world","10","cure","1920x1080","1920x1032","24"
"57112cec29456","10","hello","10","cure","1920x1080","1920x1053","24"
"57112d320ff16","10","hello","10","cure","1920x1080","1855x1056","24"
"57112d4c0a1bc","10","hello","9","cure","1366x768","1366x742","24"
"57112d73dfafe","10","hello","10","cure","1920x1080","1920x1040","24"
"57112d8509632","9","world","8","illusion","1280x768","1280x734","24"
"57112da7dea62","10","hello","8","Illusion","1366x768","1366x728","24"
"57112da850667","10","hello","9","friday","1366x768","1304x768","24"
"57112db321110","10","hello","10","cure","1920x1080","1920x1030","24"
"57112de6c5e84","10","hello","9","friday","1366x768","1366x738","24"
"57112de7f0c00","10","hello","8","illusion","1920x1080","1920x1053","24"
"57112e1a2bbbb","10","Tree","10","Friday ","360x640","360x640","32"
"57112e43d4668","10","hello","9","friday","1366x768","1366x728","24"
"57112e639a100","10","hello","9","friday","412x732","412x732","32"
"57112e8f42ab6","10","hello","9","friday","1366x768","1366x728","24"
"57112ebc85ba1","10","hello","10","cure","1368x912","1368x872","24"
"57112edad4a17","9","world","10","cure","1280x800","1280x773","24"
"57112efa50be6","10","hello","10","cure","1920x1080","1920x1042","24"
"57112f2855dfd","10","hello","9","friday","1920x1080","1920x1040","24"
"57112f290306a","10","hello","10","cure","1366x768","1366x728","24"
"57112f57403ee","10","hello","9","friday","1920x1080","1920x1032","24"
"57112f7103d57","10","hello","9","friday","1920x1080","1920x1032","24"
"57112fc882a10","9","world","10","cure","1440x900","1440x870","24"
"5711300507308","10","hello","10","cure","1366x768","1366x728","24"
"571130c5cd6e9","10","none","9","friday","1600x900","1600x900","24"
"571130d4559af","8","oranges","9","friday","360x640","360x640","32"
"571130d934bda","10","hello","9","friday","1920x1080","1920x1050","24"
"57113163e6fb1","10","hello","10","cure","1366x768","1366x728","24"
"571132f73bde2","9","World","10","Cure","360x640","360x640","32"
"5711331922a47","10","hello","10","cure","320x522","320x522","32"
"5711338142ff8","10","hello","10","cure","1366x768","1366x728","24"
"5711348e42f02","10","hello","10","cure","1366x768","1366x728","24"
"57113664403aa","10","hello","10","cure","1536x864","1536x824","24"
"571137a34931a","10","Hello","10","Cure","768x1024","1024x748","32"
"571137cd27765","10","hello","10","cure","1366x768","1366x728","24"
"57113811e87c3","10","hello","10","cure","1440x900","1440x873","24"
"571138253c724","9","world","8","illusion","1360x768","1360x768","24"
"57113869c7da3","9","world","8","illusion","","",""
"571138735adaa","9","world","10","cure","1920x1080","1920x1042","24"
"5711389736065","10","Hello","10","Cure","768x1024","768x1004","32"
"57113a4121a89","10","hello","10","cure","1600x900","1600x860","24"
"57113a5534205","10","hello","5","park","1680x1050","1680x1010","24"
"57113b5b3a024","10","Hello","10","Cure","375x667","375x647","32"
"57113b7f16c4b","10","hello","9","friday","1366x768","1366x738","24"
"57113b9642c48","10","hello","10","cure","1366x768","1366x728","24"
"57113ce1334e0","10","Hello","10","Cure","601x962","601x962","32"
"57113d4d93c81","10","hello","9","friday","1680x1050","1680x1010","24"
"57113d9cc42b5","10","hello","10","cure","1366x768","1366x728","24"
"57113de4aed1a","10","hello","8","illusion","1366x768","1366x728","24"
"57113e3362c9f","9","World","10","Cure","768x1024","768x1004","32"
"57113e516b76f","10","world","10","cure","","",""
"57113e6176346","10","hello","8","illusion","1366x768","1366x728","24"
"5711405eb4abb","10","hello","9","friday","1920x1080","1920x1040","24"
"571140921a69b","10","hello","10","cure","","",""
"5711411c30d21","9","World ","9","Friday ","360x640","360x640","32"
"5711490b2e8f1","8","Orange ","9","Friday ","360x640","360x640","32"
"57114ae35c9ec","10","+hello","10","cure","1440x900","1440x870","24"
"57114ca79a200","10","hello","9","friday","1366x768","1366x728","24"
"57114d8a4c057","10","hello","10","cure","1920x1080","1920x1040","24"
"57114f82eb4e8","10","hello","10","cure","1366x768","1366x728","24"
"571151812791a","10","hello","10","cure","1440x900","1440x848","24"
"571151dbd14e1","10","hello","10","cure","1366x768","1366x728","24"
"571152b41217b","10","Hello","10","Cure","375x667","375x647","32"
"57115317eb242","10","hello","8","illusion","1366x768","1366x741","24"
"571153ca15566","8","oranges","8","illusion","1280x800","1280x717","24"
"571153e3025f9","10","hello","10","cure","1366x768","1366x738","24"
"571154184c9bd","10","None","10","Cure","768x1024","1024x748","32"
"5711541e3ef89","10","Hello","10","cure","1366x768","1366x738","24"
"57115527dee63","10","Hello","10","Cure","360x640","360x640","32"
"5711574f222d7","10","hello","10","cure","1366x768","1366x728","24"
"571158157bb3c","10","hello","10","cure","1680x1050","1680x1010","24"
"57115d36d525e","9","World","10","Cure","320x480","320x460","32"
"57115d964a760","10","NONE","10","NONE","","",""
"5711602ded5e3","10","8","10","9","375x667","375x647","32"
"5711613cca97d","10","hello","9","friday","1366x768","1366x728","24"
"571163013744e","6","Dog","10","Cure","768x1024","768x1024","32"
"5711641931da5","10","hello","9","friday","1366x768","1366x728","24"
"571165992a5c1","10","hello","8","illusion","1366x768","1366x728","24"
"5711666e6f11e","10","Hello","10","Cure","","",""
"57116853496b5","8","Oranges","10","Cure","360x640","360x640","32"
"571168cfec0f3","10","hello","10","cure","","",""
"57116b7e2df86","10","hello","10","cure","1438x808","1438x766","24"
"57116b9b879bf","10","hello","10","cure","1920x1080","1920x1030","24"
"57116ce8cf9e5","10","hello","10","cure","1438x808","1438x766","24"
"57116cefafde6","10","hello","10","cure","1366x768","1366x728","24"
"5711703bd85fc","10","hello","10","cure","1366x768","1366x728","24"
"571171d59aaee","10","hello","10","cure","1366x768","1366x728","24"
"5711760a3dfe0","10","hello","10","cure","1366x768","1366x728","24"
"57117b1840694","10","hello","10","cure","1366x768","1366x728","24"
"57117fe7495aa","10","color","10","red","1366x768","1366x728","24"
"5711800f2c5f3","9","world","10","cure","1440x900","1440x815","24"
"571183866d73f","10","hello","8","illusion","1366x768","1366x728","24"
"57118f3185613","10","Hello","10","Cure","320x480","320x460","32"
"57119224388ef","10","hello","10","cure","1600x900","1600x900","24"
"5711ace2ee7ed","10","hello","10","cure","1366x768","1366x728","24"
"5711cbde51bb0","10","hello","8","Illusion","1366x768","1366x728","24"
"5711e54c50f6b","10","hello","10","cure","1366x768","1366x728","24"
"5711eaec4b831","10","Hello","8","illusion","1366x768","1366x728","24"
"5711f4ec96b9c","6","dog","10","cure","1920x1080","1920x1032","24"
"5711fa7171c43","9","World","9","friday","360x640","360x640","32"
"57120d338509d","8","oranges","9","friday","1366x768","1366x728","24"
"571210e10d88b","10","hello","10","cure","360x640","360x640","32"
"571214121717c","10","hello","10","cure","1024x768","1024x768","32"
"57121540dbb98","10","hello","10","cure","1366x768","1366x728","24"
"5712197fbccd5","10","hello","9","friday","1366x768","1366x728","24"
"57121a9db4723","9","world","9","Friday","360x640","360x640","32"
"57121da339779","10","Hello","10","Cure","320x568","320x548","32"
"57121e2a63601","10","hello","9","friday","1366x768","1366x728","24"
"571220ea1e364","10","hello","9","friday","1440x900","1440x830","24"
"57122801e1da9","9","world","8","illusion","1366x768","1366x768","24"
"57122e814fb61","10","hello","10","cure","1366x768","1366x728","24"
"57122f7e5768f","10","hello","8","illusion","1366x768","1304x768","24"
"57123bec83e8e","10","hello","10","cure","1920x1080","1920x1030","24"
"57123e4050550","10","hello","10","cure","1366x768","1366x728","24"
"57124290029cc","10","hello","10","cure","1920x1080","1920x1032","24"
"571243bcc8142","10","hello","10","cure","1920x1080","1920x1032","24"
"571245dfd5f63","9","world","10","cure","1920x1080","1920x1080","24"
"571245f0af12d","10","hello","9","illusion","1366x768","1366x728","24"
"571247f66fb51","9","world","10","cure","1920x1080","1920x1040","24"
"571250d5ed94e","10","hello","9","friday","1366x768","1366x728","24"
"57125194dfaea","10","hello","10","cure","1920x1080","1920x1050","24"
"57125269186ff","8","Oranges","9","Friday","360x640","360x640","32"
"571252b436ab0","10","hello","9","friday","1920x1080","1920x1040","24"
"571252e6d2e70","10","hello","9","friday","1280x1024","1280x984","24"
"571254945e4d5","10","hello","10","cure","1366x768","1366x728","24"
"571260c120253","10","hello","10","cure","1440x900","1440x860","24"
"5712649f2fada","10","Hello","10","Cure","320x568","320x528","32"
"57126595532de","7","tree","10","cure","1366x768","1366x728","24"
"571267aea7f42","10","hello","8","illusion","1366x768","1366x728","24"
"57126ded93a6e","10","Hello ","10","Cure","375x667","375x647","32"
"5712787a337a9","10","hello","10","cute","1440x900","1440x810","24"
"57127bcfaafb0","10","hello","10","cure","1920x1080","1854x1080","24"
"57127c96a8385","10","hello","10","cure","360x594","360x594","32"
"57127cb3ab1fe","9","world","10","cure","1920x1080","1825x1080","24"
"571285350bf39","10","hello","9","friday","1366x768","1366x728","24"
"571289ef76e18","1","color","10","cure","1366x768","1366x728","24"
"57128fb86c6a7","7","tree","9","friday","600x917","600x917","32"
"571290e28820b","10","hello","10","cure","1366x768","1366x728","24"
"57129d6d25453","9","world","8","illusion","1920x1080","1920x1030","24"
"5712a254e00f7","10","hello","10","cure","1366x768","1304x768","24"
"5712a47f6f8a6","10","hello","10","cure","1366x768","1366x728","24"
"5712bd55a8a13","10","hello","10","cure","1366x768","1366x728","24"
"5712c1176d5f8","10","hello","10","cure","1366x768","1366x728","24"
"5712c2b021f58","10","hello","10","cure","1366x768","1366x728","24"
"5712c57f97f25","9","world","10","cure","1440x900","1440x833","24"
"5712d16eb8094","10","hello","10","cure","1920x1080","1920x1030","24"
"5712d9bc0cae3","10","hello","10","cure","1920x1080","1920x1040","24"
"5712f05014a92","10","Ten","10","Ten","412x732","412x732","32"
"57134ca950635","10","hello","10","cure","360x640","360x640","32"
"57138a1e5c357","10","hello","10","cure","375x667","375x647","32"
"57138ac176750","10","hello","10","cure","1366x768","1366x728","24"
"5713923c1bbc7","10","hello","10","cure","1920x1080","1920x1050","24"
"5713a02a13044","10","hello","10","cure","1440x900","1440x848","24"
"5713aa57bebec","10","hello","9","friday","1366x768","1366x728","24"
"5713acb331c3c","8","oranges","9","friday","1920x1080","1920x1032","24"
"5713ad43312ab","10","hello","10","cure","1440x900","1440x854","24"
"5713b10383207","7","tree","10","cure","1366x768","1366x728","24"
"5713b12b6bfe1","10","hello","10","cure","1366x768","1366x728","24"
"5713b1512b337","9","World","9","Friday","360x640","360x640","32"
"5713b961c216a","10","Hello","10","Cure","768x1024","1024x748","32"
"5713ca8413673","10","hello","9","friday","1600x900","1600x860","24"
"5713ca85c56c3","10","hello","10","cure","1920x1080","1920x1032","24"
"5713ce8c57c5e","10","hello","9","friday","1366x768","1366x738","24"
"5713d35d52897","9","world","9","friday","360x640","360x640","32"
"5713d766113e9","10","hello","9","friday","1366x768","1366x737","24"
"5713dd915ca28","10","hello","10","cure","1366x768","1315x744","24"
"5713ddde59251","10","hello","10","cure","375x667","375x647","32"
"5713e73998df9","10","hello","10","cure","1440x900","1440x873","24"
"5713fc80c942a","10","hello","10","cure","1280x800","1280x709","24"
"571410751e7b0","10","hello","10","cure","1366x768","1366x728","24"
"57142079d871e","10","hello","9","friday","1366x768","1366x728","24"
"5714373377b80","10","hello","9","friday","1093x614","1093x574","24"
"57143cf5433f2","10","hello","9","friday","1093x614","1093x574","24"
"5714851a1c6b6","9","World","9","Friday","360x640","360x640","32"
"57149713464b1","5","Water","7","Chair","414x736","414x716","32"
"57149a6bd7377","1","color","10","cure","","",""
"5714c6c26c2f6","10","hell","10","cure","1920x1080","1920x1052","24"
"5714d563c6e52","10","none","10","cure","1920x1200","1920x1077","24"
"5714dc153397f","10","hello","10","cure","1280x800","1280x760","24"
"571534076a966","10","hello","10","cure","1366x768","1366x768","24"
"57153d9a56ce0","10","None","10","Cure","768x1024","1024x748","32"
"57153eb9b4bed","10","hello","10","cure","1280x800","1280x770","24"
"571568408e2bc","10","dez","10","dez","1366x768","1366x728","24"
"5715b5a3424f2","10","hello","9","friday","1093x614","1093x574","24"
"5715ea836193d","10","hello","8","illusion","1680x1050","1680x1050","24"
"5715f69931d4c","10","hello","10","cure","1440x900","1440x873","24"
"5716d167b95e4","9","world","8","illusion","1366x768","1366x728","24"
"5716e9900f6ea","10","hello","9","friday","1093x614","1093x574","24"
"571758337313b","10","hello","10","cure","414x736","414x716","32"
"57190633f233f","9","world","9","friday","1280x1024","1280x994","24"
"571d3dade2548","9","world","9","friday","360x640","360x640","32"
"572106a31c230","9","world","10","Cure","768x1024","768x1004","32"
"5727633cd6511","10","hello","10","cure","1366x768","1366x768","24"
"5727635041e99","10","ten","10","ten","1366x768","1366x728","24"
"572767049ccfa","10","hello","10","cure","1440x900","1440x848","24"
"57276731cfba9","10","hello","10","cure","1920x1080","1920x1040","24"
"57276995206d6","10","hello","10","cure","1600x900","1600x870","24"
"57276ede1eb9a","10","NONE","10","CURE","1280x800","1280x773","24"
"57277ba3c5a5c","10","hello","10","cure","1366x768","1366x728","24"
"5727d86840dc8","10","hello","10","cure","1680x1050","1680x1023","24"
"5727e49793f7b","10","hello","10","cure","1440x900","1440x873","24"
"5727f6d19e901","9","world","9","friday","1280x800","1280x773","24"
"572934019041e","10","hello","10","cure","1440x900","1440x809","24"
"572a7874c1e2e","10","hello","9","friday","1366x768","1366x728","24"
"572a791f6405b","10","hello","10","cure","1680x1050","1680x1020","24"
"572b0e14cff93","1","color","8","illusion","","",""
"572baa7f9493c","10","hello","10","cure","1366x768","1366x728","24"
"572c85675a5ef","10","hello","10","cure","1440x900","1440x848","24"
"573468a8d9227","10","hello","9","friday","1366x768","1299x744","24"
"57346e0b82fcf","10","hello","10","cure","360x640","360x640","32"
"57346f25ac9dc","10","hello","10","cure","1366x768","1366x728","24"
"573472733042a","10","hellof","9","friday","1920x1080","1920x1040","24"
"573472a925174","10","hello","9","friday","1280x720","1280x683","24"
"573475db20e7e","10","hello","10","cure","1920x1080","1920x1040","24"
"5734778df39f9","10","hello","10","cure","1920x1080","1920x1040","24"
"5734779e28d4b","10","hello","10","cure","1440x900","1440x823","24"
"5734803cbd960","10","hello","9","friday","1280x800","1280x773","24"
"5734817c4a26e","10","hello","10","cure","","",""
"5734859ae4a90","10","hello","7","chair","1920x1080","1920x1032","24"
"5734867f61fa6","10","hello","10","cure","1366x768","1366x768","24"
"573487c07746d","10","hello","10","cure","1920x1080","1665x1046","24"
"5734888924dde","10","hello","9","friday","1920x1080","1920x1050","24"
"573489a51a63c","10","None","10","Cure","768x1024","1024x748","32"
"573489efc113b","10","hello","9","friday","1680x1050","1680x968","24"
"57348b0557c9b","10","hello","9","friday","1680x1050","1680x968","24"
"57348b721234b","10","hello","9","friday","1680x1050","1680x968","24"
"57348e842e5cf","10","hello","10","cure","1920x1080","1920x1040","24"
"5734918f46823","10","hello","9","friday","1680x1050","1680x1023","24"
"5734928578a82","8","oranges","10","cure","360x640","360x640","32"
"5734969e2d360","9","world","9","Friday","360x592","360x592","32"
"5734986b53a5f","8","oranges","10","cure","1366x768","1304x768","24"
"57349b83df119","9","world","9","friday","320x568","320x548","32"
"5734a37ae1096","10","hello","10","cure","2048x1152","2048x1112","24"
"5734a397bac02","10","HELLO","10","cure","1280x800","1280x796","24"
"5734aa4c927a8","10","hello","10","cure","1366x768","1366x738","24"
"5734ab1acddbc","10","Hello","10","Cure","320x568","320x548","32"
"5734ad21c455d","9","World","10","Cure","375x667","375x667","32"
"5734adaa824cc","8","Oranges","10","Cure","360x640","360x640","32"
"5734afb1afab5","10","hello","10","cure","1680x1050","1680x1010","24"
"5734b3efd45eb","8","Oranges","10","Cure","","",""
"5734b514551ad","10","hello","9","friday","1280x1024","1280x984","24"
"5734b7388a309","10","hello","9","friday","1920x1080","1920x1040","24"
"5734b9b419116","9","world","9","friday","1920x1080","1920x1032","24"
"5734bb397c0b0","9","World","10","Cure","360x640","360x640","32"
"5734bdaf52f52","10","hello","10","cure","1280x800","1280x719","24"
"5734be3458ec0","9","world","10","cure","1366x768","1366x676","24"
"5734cbe103932","10","hello","10","cure","1600x900","1600x860","24"
"5734cc8a319b1","9","world","10","cure","","",""
"5734d00c2ae97","9","world","10","cure","1920x1080","1920x1032","24"
"5734d7d289018","10","hello","10","cure","1366x768","1366x728","24"
"5734d81ba001b","10","hello","10","cure","1280x720","1280x720","24"
"5734d89183dab","10","hello","10","cure","","",""
"5734dc3aed51a","10","Hello","10","Cure","360x640","360x640","32"
"5734de869432d","8","oranges","10","cure","360x640","360x640","32"
"5734e06ed4110","10","hello","10","cure","1680x1050","1680x1010","24"
"5734e10f85ee9","10","hello","10","cure","1366x768","1366x768","24"
"5734e397122ce","10","hello","10","cure","1920x1080","1920x1040","24"
"5734e848ad81a","10","hello","9","friday","1366x768","1366x728","24"
"5734f3ec5fa38","10","Hello","9","Friday","360x640","360x640","32"
"5735cbb5a6419","10","Hello","10","Cure","360x640","360x640","32"
"5735ccf7073c7","10","hello","10","cure","1920x1080","1920x1040","24"
"5735d0dd6acd9","10","hello","10","cure","1280x1024","1280x1024","24"
"5735d336c0595","9","world","9","Friday","360x640","360x640","32"
"5735d3455a84c","10","Hello","9","Friday","1280x1024","1280x984","24"
"5735d97dedb94","9","World","9","Friday","320x568","320x548","32"
"5735db5ac69d9","10","hello","10","cure","1920x1080","1920x1040","24"
"5735e5395b194","10","hell","10","Cure","640x360","640x360","32"
"5735e55365790","9","world","9","friday","320x480","320x460","32"
"5735e71ff13c2","10","hello","10","cure","1536x864","1536x826","24"
"5735e93073755","9","world","10","cure","375x667","375x647","32"
"5735ebdb81044","10","hello","8","illusion","1366x768","1366x728","24"
"5735f6ce71ec4","9","World","10","Cure","375x667","375x647","32"
"5735fec3dea00","10","hello","10","cure","1920x1080","1920x1040","24"
"5735ffeea4c56","9","World","9","Friday","412x732","412x732","32"
"5736048bb110b","10","hello","10","cure","1920x1080","1920x1028","24"
"573607add000c","9","world","10","cure","1680x1050","1680x1050","24"
"573613f41b5d8","10","hello","10","cure","1280x1024","1280x1024","24"
"573613f4689a3","1","hello","10","cure","1920x1080","1920x1033","24"
"57361d6d91ac9","10","Hello","10","Cure","","",""
"57361e2483d9a","10","Hello","10","Cure","360x640","360x640","32"
"573634984323e","10","Hello","8","Illusion","384x640","384x640","32"
"57363b3954a26","10","ten","10","ten","1024x819","1024x790","24"
"57363ccf1a09c","9","world","10","cure","1536x864","1536x826","24"
"573664e1a4a96","10","hello","9","friday","1366x768","1304x768","24"
"57366c199283c","10","hello","10","cure","1366x768","1366x728","24"
"57367337bac0c","9","world","9","friday","1280x800","1280x773","24"
"573678e895606","10","hello","10","cure","1366x768","1366x768","24"
"5736836fd61af","10","Ten","10","Ten","360x640","360x640","32"
"5736845a516c9","10","hello","10","cure","360x640","360x640","32"
"5736898cdb44e","10","hello","10","cure","1366x768","1366x728","24"
"5736953487484","10","hello","10","cure","1280x800","1280x723","24"
"573696e457fb9","10","Hello","10","Cure","768x1024","1024x748","32"
"57369eaeb524c","10","hello","9","friday","1366x768","1366x728","24"
"5736af99e16c0","9","World","10","Cure","412x732","412x732","32"
"5736b0a48d73b","10","hello","10","cure","1440x900","1440x824","24"
"5736b97fd7f50","10","hello","10","cure","1440x900","1386x877","24"
"5736c23af29f1","9","world","10","cure","1280x800","1276x777","24"
"5736cd7461418","10","None","10","Cure","768x1024","768x1024","32"
"5736f83760c35","10","hello","9","friday","1920x1080","1920x1040","24"
"573736df61954","10","Hello","10","cure","1280x800","1280x702","24"
"57377ef85dd0c","10","hello","10","cure","1920x1080","1920x1032","24"
"5737bd0984446","10","hello","10","cure","1920x1080","1920x1040","24"
"5737db294fe38","9","world","10","cure","1152x768","1152x727","24"
"5737f8de4622c","10","hello","10","cure","1600x900","1600x870","24"
"5738cf3d97a58","10","hello","7","chair","1680x1050","1680x1010","24"
"5739307e6f905","10","hello","10","cure","1600x900","1600x860","24"
"5739ff85289b2","10","hello","9","friday","1440x900","1440x825","24"
"573a059da0efd","10","hello","10","cure","1440x900","1440x825","24"
"573a0b8280839","10","hello","10","cure","1440x900","1440x825","24"
"573adcbf2dd80","10","hello","10","cure","1920x1080","1920x1040","24"
"573b071202893","10","hello","9","friday","1920x1080","1920x1040","24"
"573c70dabcfe0","10","hello","9","friday","1440x900","1440x825","24"
"573c783748e8b","10","hello","9","friday","1440x900","1440x825","24"
"573e4022949b1","10","hello","8","illusion","1440x900","1440x825","24"
"573e47c26cb8e","10","hello","10","cure","1440x900","1440x848","24"
"573e4d0eb795b","10","hello","10","friday","1440x900","1440x848","24"
"573ec4275ba17","10","hello","10","cure","1440x900","1440x848","24"
"573edae85268b","10","hello","10","cure","1440x900","1440x825","24"
"5740a8b59d448","10","hello","9","friday","1440x900","1440x848","24"
"5740ad339507d","10","hello","10","cure","1440x900","1440x848","24"
"5740b0f8e9734","9","world","10","cure","1440x900","1440x848","24"
"5740b686127bb","10","hello","9","friday","1440x900","1440x848","24"
"5740bda9be3dc","10","hello","9","friday","1440x900","1440x848","24"
"5740e3f36a945","10","hello","10","cure","1440x900","1440x825","24"
"5740ef462d2f0","10","hello","10","cure","1366x768","1366x768","24"
"5740f286634ff","10","hello","10","cure","1680x1050","1680x1023","24"
"5740f4af701fb","10","hello","10","cure","1280x800","1280x773","24"
"5740fc9adf364","9","world","9","friday","1280x1024","1280x1000","24"
"574102c390bad","9","World","10","Cure","1280x800","1280x800","32"
"574104d729bb5","10","Hello","10","Blurred","","",""
"57410611290e3","10","hello","10","cure","1366x768","1366x768","24"
"57410f1cb8bf6","8","oranges","10","cure","360x640","360x640","32"
"57410f691ee0a","9","world","10","cure","412x732","412x732","32"
"5741123b287b9","10","hello","9","friday","1920x1080","1920x1080","24"
"5741195583f06","9","world","9","friday","1280x1024","1280x984","24"
"574121b9e952d","10","hello","10","cure","1366x768","1366x728","24"
"5741222d65900","10","hello","9","friday","1440x900","1440x810","24"
"5741232cdb37f","10","hello","9","friday","1440x900","1440x810","24"
"57412f2535cf6","10","Hello","10","Cure ","","",""
"57413314d5422","10","hello","10","cure","1440x900","1440x835","24"
"57413d8c34412","10","hello","10","cure","1280x800","1280x733","24"
"57415bfb2748a","10","Hello","10","Cure","320x568","320x548","32"
"574185703370e","10","hello","8","illusion","1920x1080","1920x1080","24"
"5741d1d8f00d7","10","hello","9","friday","1440x900","1440x810","24"
"57427cf6bad0c","8","Orange","10","Cure","962x601","962x601","32"
"574297edae49c","10","hello","10","cure","1440x900","1440x790","24"
"5743248310df0","10","hello","10","cure","1366x768","1366x721","24"
"5743b9d36db28","10","hello","10","cure","1366x768","1366x721","24"
"5744d43d54176","10","hello","10","cure","1366x768","1366x728","24"
"5744daad16bdd","9","World","10","Cure","","",""
"5744dce84ffa5","9","world","9","friday","1366x768","1366x728","24"
"5744dd1fb4794","8","Oranges","10","Cure","360x640","360x640","32"
"5744de54ab373","8","Oranges ","10","Cure","360x640","360x640","32"
"5744e0f401bf6","10","hello","10","cure","1280x720","1280x720","24"
"5744eb1a299e0","10","None","10","cure","1440x900","1440x874","24"
"5744f13852adc","10","Hello","9","Friday","1004x622","1004x622","24"
"5744f16e71426","10","ten","10","ten","360x640","360x640","32"
"5744ffbd17e24","1","hello","9","cure","1920x1080","1920x1040","24"
"574507427156d","10","hello","10","cure","1366x768","1366x728","24"
"574509e9b6788","10","Hello","10","Cure","375x667","375x647","32"
"574511e99b6d9","10","hello","10","cure","1280x720","1280x720","24"
"57451480d1bc2","9","world","10","cure","360x640","360x640","32"
"57451c2695ea4","9","world","10","cure","1280x800","1280x773","24"
"57451c3b38192","10","Hello","10","Cure","768x1024","1024x748","32"
"574521a4dc02a","10","hello","10","cure","1152x768","1152x727","24"
"574521c39ab4e","10","Hello","10","Cure","768x1024","1024x748","32"
"574521d4eba5b","9","World","10","Cure","1280x800","1280x800","32"
"57452255ec556","10","hello","10","cure","1152x768","1152x727","24"
"57452280af816","10","hello","10","cure","1920x1080","1920x1040","24"
"574522bfb776a","10","hello","10","cure","1234x823","1234x779","24"
"57452aec0bb64","10","hello","10","cure","1920x1080","1920x1040","24"
"57452c506d23c","10","hello","10","cure","1920x1080","1920x1040","24"
"57452c67c8c82","10","hello","10","cure","1920x1080","1920x1040","24"
"57452d05650dc","10","hello","10","cure","1920x1080","1920x1040","24"
"574530429b4cb","10","Hello","10","Cure","360x640","360x640","32"
"574532be5d6a3","9","world","8","illusion","320x568","320x548","32"
"574533f9221ba","9","World","8","Illusion","320x568","320x548","32"
"5745342ec7112","9","Word","9","Friday","1440x900","1440x860","24"
"5745350dc1e22","10","Hello","9","Friday","768x1024","1024x748","32"
"57453ababd8b1","10","Hello","10","Illusion","320x568","320x548","32"
"57453bf84d7c8","10","Hello","10","Illusion","320x568","320x548","32"
"57453c72d7287","10","hello","8","illusion","1366x768","1366x768","24"
"57453d954627b","10","Hello ","10","Cure","414x736","414x716","32"
"574549ad057e1","10","hello","10","cure","1366x768","1366x738","24"
"57454b2b3cd4c","7","tree","10","cure","360x640","360x640","32"
"5745500f6e643","7","Tree","9","Friday","768x1024","768x1004","32"
"574556beb79b9","9","World","10","Cure","360x640","360x640","32"
"574578c266f6b","10","hello","10","cure","1366x768","1366x768","24"
"574584520b354","9","world","9","friday","1440x900","1436x877","24"
"574584ae5dde1","10","hello","10","cure","1600x900","1600x900","24"
"574598d2c75c8","10","Hello","10","Cure","375x667","375x647","32"
"57459c393bbd0","10","hello","10","cure","1920x1200","1920x1170","24"
"5745b504d32a4","10","hello (required serious effort to see)","10","cure (easier to see)","1920x1080","1920x1080","24"
"5745b5cbe3caa","10","hello","10","cure","1366x768","1366x721","24"
"5745bf9879869","10","hello","8","illusion","1600x900","1600x860","24"
"5745c1c07cc0c","10","hello","9","friday","1280x1024","1280x984","24"
"5745c58900495","10","hello","10","cure","1280x800","1230x777","24"
"5745f6f039dc9","10","Hello","10","Cure","1024x768","1024x768","32"
"574628a9e94a1","8","oranges","9","friday","360x640","360x640","32"
"574632588c33e","7","Tree","9","Friday","375x667","375x647","32"
"574859b8f3379","10","hello","10","cure","1440x900","1440x848","24"
"5749c6a70055f","10","hello","10","Cure","360x640","360x640","32"
"574a2d84bbab9","10","hello","10","cure","1440x960","1440x920","24"
"574bfc55969b0","10","hello","10","cure","1366x768","1366x728","24"
"574d242acc8f9","9","World","10","Cure","360x640","360x640","32"
"574d821bdb543","8","Oranges","9","Friday","375x667","375x667","32"
"5756ab1701ba0","10","hello","10","cure","1440x900","1440x825","24"
"5756ae6897296","10","hello","10","cure","1440x900","1440x848","24"
"5756b2d9bd658","9","world","8","illusion","1440x900","1440x848","24"
"5757fd2703090","9","world","10","cure","1440x900","1440x825","24"
"5757ffca0b4b1","10","hello","10","cure","1440x900","1440x825","24"
"57581518c2c07","10","Hello","9","friday","1440x900","1440x848","24"
"57582b17cd76a","10","hello","10","cure","1440x900","1440x848","24"
