"id","date","age","gender","academic_degree","nationality","country_residence","language","num_answers","in_person","time_spent"
"5710cbc5f0ea4","15-Apr-2016 12:08:53 WEST","23","Male","Bachelor Degree","portuguese","PT","pt",32,"no","21"
"5710cbe10cade","15-Apr-2016 12:09:21 WEST","21","Male","Bachelor Degree","portuguese","PT","pt",15,"no","32"
"5710cbf204d10","15-Apr-2016 12:09:38 WEST","22","Male","Master Degree","portuguese","PT","pt",3,"no","5"
"5710cbf28b1e1","15-Apr-2016 12:09:38 WEST","23","Female","Bachelor Degree","portuguese","PT","pt",0,"no","3"
"5710cc2b8a642","15-Apr-2016 12:10:35 WEST","24","Male","Master Degree","portuguese","PT","pt",16,"no","11"
"5710cc5a7829c","15-Apr-2016 12:11:22 WEST","27","Male","Bachelor Degree","portuguese","PT","pt",32,"no","14"
"5710cca334d60","15-Apr-2016 12:12:35 WEST","25","Female","Master Degree","portuguese","PT","pt",1,"no","5"
"5710cd0a515bb","15-Apr-2016 12:14:18 WEST","25","Male","Master Degree","portuguese","PT","pt",7,"no","15"
"5710cd289f4c3","15-Apr-2016 12:14:48 WEST","46","Female","College","portuguese","PT","pt",1,"no","6"
"5710cd99df604","15-Apr-2016 12:16:41 WEST","23","Female","Master Degree","portuguese","PT","pt",32,"no","12"
"5710cd9d571f2","15-Apr-2016 12:16:45 WEST","23","Male","Bachelor Degree","portuguese","PT","pt",8,"no","6"
"5710ce6c1308c","15-Apr-2016 12:20:12 WEST","23","Female","Bachelor Degree","portuguese","PT","pt",32,"no","-12"
"5710ce96dd6a3","15-Apr-2016 12:20:54 WEST","24","Male","Bachelor Degree","portuguese","PT","pt",1,"no","3"
"5710ceb320fdf","15-Apr-2016 12:21:23 WEST","23","Male","Ensino Secundário","portuguese","PT","pt",15,"no","28"
"5710cf445718e","15-Apr-2016 12:23:48 WEST","25","Male","Master Degree","portuguese","PT","pt",32,"no","13"
"5710d140b7c5a","15-Apr-2016 12:32:16 WEST","26","Male","College","portuguese","PT","pt",32,"no","8"
"5710d243c9715","15-Apr-2016 12:36:35 WEST","22","Male","Bachelor Degree","portuguese","PT","pt",2,"no","2"
"5710d28fec2d1","15-Apr-2016 12:37:51 WEST","30","Male","Doctoral Degree","portuguese","PT","pt",32,"no","13"
"5710d67393113","15-Apr-2016 12:54:27 WEST","24","Male","Bachelor Degree","portuguese","PT","pt",0,"no",
"5710d71ff24c3","15-Apr-2016 12:57:19 WEST","20","Female","Bachelor Degree","portuguese","PT","en",32,"no","-42"
"5710d7b312b93","15-Apr-2016 12:59:47 WEST","23","Female","Bachelor Degree","portuguese","PT","pt",1,"no","-58"
"5710d87585247","15-Apr-2016 13:03:01 WEST","31","Male","Master Degree","portuguese","PT","pt",3,"no","4"
"5710d8ca226a2","15-Apr-2016 13:04:26 WEST","21","Male","Bachelor Degree","portuguese","PT","pt",4,"no","3"
"5710d8d6aecd6","15-Apr-2016 13:04:38 WEST","23","Female","Bachelor Degree","portuguese","PT","pt",7,"no","6"
"5710d9a94ba8d","15-Apr-2016 13:08:09 WEST","24","Female","Master Degree","portuguese","PT","pt",0,"no","2"
"5710d9dcc23f0","15-Apr-2016 13:09:00 WEST","21","Male","Bachelor Degree","portuguese","PT","pt",18,"no","9"
"5710da94bf1f3","15-Apr-2016 13:12:04 WEST","20","Female","College","portuguese","PT","pt",0,"no","2"
"5710dc0f49c60","15-Apr-2016 13:18:23 WEST","22","Male","Bachelor Degree","portuguese","PT","pt",11,"no","8"
"5710dc97aac05","15-Apr-2016 13:20:39 WEST","20","Male","College","portuguese","PT","pt",6,"no","7"
"5710dca826286","15-Apr-2016 13:20:56 WEST","25","Female","Ensino Superior - Licenciatura","portuguese","PT","pt",0,"no",
"5710e2e88f866","15-Apr-2016 13:47:36 WEST","52","Female","Bachelor Degree","portuguese","PT","pt",0,"no",
"5710e3ada9bb9","15-Apr-2016 13:50:53 WEST","44","Male","Master Degree","portuguese","PT","pt",0,"no",
"5710e3d7c1247","15-Apr-2016 13:51:35 WEST","41","Male","Master Degree","portuguese","PT","pt",2,"no","6"
"5710e442add22","15-Apr-2016 13:53:22 WEST","47","Male","Bachelor Degree","portuguese","PT","pt",0,"no","4"
"5710e47f4b50f","15-Apr-2016 13:54:23 WEST","20","Female","Bachelor Degree","portuguese","PT","pt",0,"no","4"
"5710e540a9514","15-Apr-2016 13:57:36 WEST","52","Female","Bachelor Degree","portuguese","PT","pt",32,"no","-29"
"5710e5bc55564","15-Apr-2016 13:59:40 WEST","29","Male","Master Degree","portuguese","PT","pt",3,"no","-51"
"5710e60f69205","15-Apr-2016 14:01:03 WEST","24","Female","Bachelor Degree","portuguese","PT","pt",31,"no","25"
"5710e80e91119","15-Apr-2016 14:09:34 WEST","21","Male","Bachelor Degree","portuguese","PT","pt",0,"no","5"
"5710e81d30c9a","15-Apr-2016 14:09:49 WEST","21","Male","Bachelor Degree","portuguese","PT","pt",0,"no",
"5710e9f31cdc4","15-Apr-2016 14:17:39 WEST","21","Male","Bachelor Degree","portuguese","PT","pt",3,"no","8"
"5710ea166743e","15-Apr-2016 14:18:14 WEST","25","Male","Master Degree","portuguese","PT","pt",0,"no",
"5710ea84d4c6f","15-Apr-2016 14:20:04 WEST","25","Male","Master Degree","portuguese","PT","pt",5,"no","11"
"5710ead0f1348","15-Apr-2016 14:21:20 WEST","27","Male","Master Degree","brazilian","PT","pt",0,"no","2"
"5710eb0f0132e","15-Apr-2016 14:22:23 WEST","24","Female","Master Degree","portuguese","PT","pt",0,"no","2"
"5710eda96f483","15-Apr-2016 14:33:29 WEST","30","Female","Master Degree","portuguese","PT","pt",0,"no","4"
"5710ee3fd83e6","15-Apr-2016 14:35:59 WEST","23","Male","Master Degree","portuguese","PT","pt",7,"no","5"
"5710ee55dcd72","15-Apr-2016 14:36:21 WEST","23","Female","Bachelor Degree","portuguese","PT","pt",6,"no","8"
"5710ee9e58646","15-Apr-2016 14:37:34 WEST","25","Female","Master Degree","portuguese","PT","pt",32,"yes","18"
"5710f10744167","15-Apr-2016 14:47:51 WEST","52","Female","Master Degree","brazilian","BR","pt",0,"no","-12"
"5710f7484c2f6","15-Apr-2016 15:14:32 WEST","25","Male","Bachelor Degree","portuguese","PT","pt",0,"no",
"5710f9e95c1a5","15-Apr-2016 15:25:45 WEST","23","Male","Master Degree","portuguese","PT","pt",0,"no","21"
"5710ffa5dd7be","15-Apr-2016 15:50:13 WEST","22","Male","Bachelor Degree","portuguese","PT","pt",6,"no","6"
"57110028bc74b","15-Apr-2016 15:52:24 WEST","48","Female","Master Degree","portuguese","PT","pt",32,"no","-34"
"57110282c560b","15-Apr-2016 16:02:26 WEST","47","Male","Doctoral Degree","portuguese","FI","pt",0,"no","4"
"571103343658b","15-Apr-2016 16:05:24 WEST","20","Female","High-School","portuguese","PT","pt",32,"no","19"
"57110a0040168","15-Apr-2016 16:34:24 WEST","20","Male","High-School","portuguese","PT","pt",0,"no","3"
"57110a7adf0e0","15-Apr-2016 16:36:26 WEST","23","Male","Bachelor Degree","portuguese","PT","pt",0,"no","2"
"57110d2fab145","15-Apr-2016 16:47:59 WEST","37","Female","Master Degree","cape verdean","PT","pt",0,"no","6"
"5711106ab212a","15-Apr-2016 17:01:46 WEST","33","Male","College","portuguese","PT","pt",32,"no","23"
"5711148c11035","15-Apr-2016 17:19:24 WEST","35","Male","College","portuguese","PT","pt",22,"no","27"
"5711149df2d2a","15-Apr-2016 17:19:41 WEST","20","Male","College","portuguese","PT","pt",7,"no","5"
"57111888a0aef","15-Apr-2016 17:36:24 WEST","25","Male","Bachelor Degree","portuguese","PT","pt",0,"no",
"57111b0135816","15-Apr-2016 17:46:57 WEST","18","Female","High-School","portuguese","PT","pt",0,"no","5"
"57111b2c36e0c","15-Apr-2016 17:47:40 WEST","23","Male","Master Degree","portuguese","PT","pt",1,"no","4"
"57111c247a9e8","15-Apr-2016 17:51:48 WEST","32","Male","Ensino Superior - Mestrado","portuguese","PT","pt",0,"no",
"57111f6c42412","15-Apr-2016 18:05:48 WEST","22","Male","Bachelor Degree","portuguese","PT","pt",34,"no","15"
"5711231e370f2","15-Apr-2016 18:21:34 WEST","24","Male","Master Degree","portuguese","PT","pt",32,"yes","20"
"571123dc69a60","15-Apr-2016 18:24:44 WEST","21","Male","Bachelor Degree","portuguese","PT","pt",4,"no","4"
"571124ccba592","15-Apr-2016 18:28:44 WEST","21","Female","High-School","portuguese","PT","pt",0,"no","4"
"57112779b2f81","15-Apr-2016 18:40:09 WEST","42","Male","Master Degree","portuguese","PT","pt",0,"no","3"
"571128aba60e2","15-Apr-2016 18:45:15 WEST","22","Female","Bachelor Degree","portuguese","PT","pt",5,"no","13"
"571128d9e47a6","15-Apr-2016 18:46:01 WEST","21","Female","College","portuguese","PT","pt",0,"no",
"57112a657ac25","15-Apr-2016 18:52:37 WEST","20","Female","College","portuguese","PT","pt",24,"no","-50"
"57112b9e10661","15-Apr-2016 18:57:50 WEST","64","Female","Bachelor Degree","portuguese","PT","pt",34,"no","-24"
"57112cac06976","15-Apr-2016 19:02:20 WEST","30","Female","Master Degree","portuguese","PT","pt",0,"no",
"57112cb820ea5","15-Apr-2016 19:02:32 WEST","18","Male","High-School","portuguese","PT","pt",2,"no","3"
"57112ce735a14","15-Apr-2016 19:03:19 WEST","19","Male","High-School","portuguese","PT","pt",6,"no","9"
"57112cec29456","15-Apr-2016 19:03:24 WEST","26","Male","Master Degree","portuguese","PT","pt",11,"no","7"
"57112d320ff16","15-Apr-2016 19:04:34 WEST","20","Male","High-School","portuguese","PT","pt",1,"no","4"
"57112d450bedc","15-Apr-2016 19:04:53 WEST","22","Male","Master Degree","portuguese","PT","pt",0,"no",
"57112d4c0a1bc","15-Apr-2016 19:05:00 WEST","34","Female","Doctoral Degree","portuguese","US","pt",0,"no","2"
"57112d73dfafe","15-Apr-2016 19:05:39 WEST","25","Male","Master Degree","portuguese","PT","pt",5,"no","8"
"57112d8509632","15-Apr-2016 19:05:57 WEST","45","Female","Master Degree","portuguese","PT","pt",32,"no","22"
"57112da7dea62","15-Apr-2016 19:06:31 WEST","24","Male","Master Degree","portuguese","PT","pt",0,"no","3"
"57112da850667","15-Apr-2016 19:06:32 WEST","22","Female","College","portuguese","PT","pt",47,"no","27"
"57112db321110","15-Apr-2016 19:06:43 WEST","20","Male","College","portuguese","PT","pt",3,"no","6"
"57112de6c5e84","15-Apr-2016 19:07:34 WEST","23","Male","Bachelor Degree","portuguese","PT","pt",0,"no","1"
"57112de7f0c00","15-Apr-2016 19:07:35 WEST","24","Male","Master Degree","portuguese","PT","pt",3,"no","2"
"57112e060f6fc","15-Apr-2016 19:08:06 WEST","20","Female","High-School","portuguese","PT","pt",0,"no",
"57112e1a2bbbb","15-Apr-2016 19:08:26 WEST","32","Male","College","portuguese","PT","pt",16,"no","15"
"57112e43d4668","15-Apr-2016 19:09:07 WEST","19","Male","High-School","portuguese","PT","pt",3,"no","3"
"57112e639a100","15-Apr-2016 19:09:39 WEST","18","Male","College","portuguese","PT","pt",5,"no","5"
"57112e87a5d2b","15-Apr-2016 19:10:15 WEST","19","Female","High-School","portuguese","PT","pt",0,"no",
"57112e8f42ab6","15-Apr-2016 19:10:23 WEST","21","Female","Bachelor Degree","portuguese","PT","pt",6,"no","8"
"57112ebc85ba1","15-Apr-2016 19:11:08 WEST","18","Female","High-School","portuguese","PT","pt",32,"no","13"
"57112edad4a17","15-Apr-2016 19:11:38 WEST","23","Male","High-School","portuguese","PT","pt",10,"no","6"
"57112efa50be6","15-Apr-2016 19:12:10 WEST","19","Male","Bachelor Degree","portuguese","PT","pt",7,"no","7"
"57112f2855dfd","15-Apr-2016 19:12:56 WEST","23","Male","Bachelor Degree","portuguese","PT","pt",0,"no","1"
"57112f290306a","15-Apr-2016 19:12:57 WEST","22","Female","Bachelor Degree","portuguese","PT","pt",0,"no","4"
"57112f57403ee","15-Apr-2016 19:13:43 WEST","25","Female","Master Degree","spanish","PT","gl",14,"no","8"
"57112f7103d57","15-Apr-2016 19:14:09 WEST","21","Male","College","portuguese","PT","pt",3,"no","3"
"57112fc882a10","15-Apr-2016 19:15:36 WEST","18","Male","High-School","portuguese","PT","pt",3,"no","3"
"5711300507308","15-Apr-2016 19:16:37 WEST","21","Female","Bachelor Degree","portuguese","PT","pt",13,"no","18"
"571130c5cd6e9","15-Apr-2016 19:19:49 WEST","24","Female","Bachelor Degree","portuguese","PT","pt",32,"no","24"
"571130d4559af","15-Apr-2016 19:20:04 WEST","19","Female","College","portuguese","PT","pt",0,"no","2"
"571130d934bda","15-Apr-2016 19:20:09 WEST","22","Female","Bachelor Degree","portuguese","DE","pt",32,"no","25"
"57113163e6fb1","15-Apr-2016 19:22:27 WEST","20","Female","College","portuguese","PT","pt",10,"no","5"
"571132f73bde2","15-Apr-2016 19:29:11 WEST","20","Male","College","portuguese","PT","pt",0,"no","2"
"5711331922a47","15-Apr-2016 19:29:45 WEST","23","Female","Bachelor Degree","portuguese","PT","pt",0,"no","6"
"5711338142ff8","15-Apr-2016 19:31:29 WEST","23","Male","Master Degree","portuguese","PT","pt",5,"no","13"
"571133a89df9e","15-Apr-2016 19:32:08 WEST","23","Female","Master Degree","portuguese","PT","pt",0,"no",
"5711348e42f02","15-Apr-2016 19:35:58 WEST","19","Female","High-School","portuguese","PT","pt",32,"no","14"
"5711357a1d3ce","15-Apr-2016 19:39:54 WEST","23","Female","Bachelor Degree","moldovan","PT","pt",0,"no",
"57113664403aa","15-Apr-2016 19:43:48 WEST","19","Male","High-School","portuguese","PT","pt",2,"no","6"
"571136bac6b15","15-Apr-2016 19:45:14 WEST","22","Male","Bachelor Degree","portuguese","PT","pt",0,"no",
"571137a34931a","15-Apr-2016 19:49:07 WEST","27","Female","Master Degree","portuguese","PT","pt",25,"no","-45"
"571137cd27765","15-Apr-2016 19:49:49 WEST","18","Female","College","portuguese","PT","pt",8,"no","5"
"57113811e87c3","15-Apr-2016 19:50:57 WEST","23","Male","Master Degree","portuguese","NL","pt",0,"no","3"
"571138253c724","15-Apr-2016 19:51:17 WEST","21","Male","High-School","portuguese","PT","pt",8,"no","4"
"57113869c7da3","15-Apr-2016 19:52:25 WEST","23","Female","Bachelor Degree","turkish","TR","tr",1,"no","3"
"571138735adaa","15-Apr-2016 19:52:35 WEST","21","Male","Bachelor Degree","romanian","RO","ro",0,"no","4"
"5711389736065","15-Apr-2016 19:53:11 WEST","19","Female","High-School","portuguese","PT","pt",8,"no","6"
"57113a4121a89","15-Apr-2016 20:00:17 WEST","19","Male","High-School","portuguese","PT","pt",4,"no","9"
"57113a5534205","15-Apr-2016 20:00:37 WEST","22","Male","Bachelor Degree","swiss","PT","de",31,"no","18"
"57113b4c9e9b0","15-Apr-2016 20:04:44 WEST","24","Male","Master Degree","german","DE","de",0,"no",
"57113b51e83ef","15-Apr-2016 20:04:49 WEST","28","Female","Master Degree","portuguese","PT","pt",0,"no",
"57113b5b3a024","15-Apr-2016 20:04:59 WEST","51","Male","Master Degree","portuguese","PT","pt",0,"no","2"
"57113b7f16c4b","15-Apr-2016 20:05:35 WEST","22","Male","Bachelor Degree","portuguese","PT","pt",31,"no","34"
"57113b9642c48","15-Apr-2016 20:05:58 WEST","21","Female","Master Degree","portuguese","PT","pt",9,"no","15"
"57113ce1334e0","15-Apr-2016 20:11:29 WEST","19","Female","High-School","portuguese","PT","pt",12,"no","7"
"57113d4d93c81","15-Apr-2016 20:13:17 WEST","18","Female","College","portuguese","PT","pt",32,"no","16"
"57113d525ba96","15-Apr-2016 20:13:22 WEST","21","Male","College","portuguese","PT","pt",0,"no",
"57113d9cc42b5","15-Apr-2016 20:14:36 WEST","21","Female","High-School","portuguese","PT","pt",12,"no","5"
"57113de4aed1a","15-Apr-2016 20:15:48 WEST","21","Male","High-School","portuguese","PT","pt",31,"no","12"
"57113e3362c9f","15-Apr-2016 20:17:07 WEST","24","Male","High-School","portuguese","PT","pt",6,"no","6"
"57113e516b76f","15-Apr-2016 20:17:37 WEST","22","Male","Bachelor Degree","turkish","TR","tr",0,"no","3"
"57113e6176346","15-Apr-2016 20:17:53 WEST","23","Female","Bachelor Degree","turkish","TR","tr",30,"no","9"
"5711405eb4abb","15-Apr-2016 20:26:22 WEST","18","Male","High-School","portuguese","PT","pt",5,"no","4"
"5711407d46740","15-Apr-2016 20:26:53 WEST","30","Female","Master Degree","portuguese","PT","pt",0,"no",
"571140921a69b","15-Apr-2016 20:27:14 WEST","30","Female","Doctoral Degree","portuguese","FR","pt",0,"no","5"
"5711411c30d21","15-Apr-2016 20:29:32 WEST","18","Female","High-School","portuguese","PT","pt",0,"no","2"
"5711414591fb6","15-Apr-2016 20:30:13 WEST","23","Female","Bachelor Degree","hungarian","HU","hu",0,"no",
"5711422e4542a","15-Apr-2016 20:34:06 WEST","21","Male","Bachelor Degree","portuguese","PT","pt",0,"no",
"571145cbe44c3","15-Apr-2016 20:49:31 WEST","29","Male","Doctoral Degree","portuguese","PT","pt",0,"no",
"5711490b2e8f1","15-Apr-2016 21:03:23 WEST","38","Male","Master Degree","portuguese","PT","pt",1,"no","6"
"57114ae35c9ec","15-Apr-2016 21:11:15 WEST","47","Female","Bachelor Degree","portuguese","PT","pt",11,"no","20"
"57114ca79a200","15-Apr-2016 21:18:47 WEST","21","Male","Bachelor Degree","portuguese","PT","pt",3,"no","3"
"57114d8a4c057","15-Apr-2016 21:22:34 WEST","22","Male","Bachelor Degree","portuguese","PT","pt",9,"no","3"
"57114f82eb4e8","15-Apr-2016 21:30:58 WEST","21","Female","College","portuguese","PT","pt",2,"no","4"
"5711517d69a14","15-Apr-2016 21:39:25 WEST","20","Female","High-School","german","DE","de",0,"no",
"57115180e2107","15-Apr-2016 21:39:28 WEST","22","Male","Master Degree","portuguese","PT","pt",0,"no",
"571151812791a","15-Apr-2016 21:39:29 WEST","20","Male","Bachelor Degree","portuguese","PT","pt",32,"yes","13"
"571151dbd14e1","15-Apr-2016 21:40:59 WEST","30","Male","Doctoral Degree","turkish","DE","tr",0,"no","3"
"571152189eb49","15-Apr-2016 21:42:00 WEST","19","Female","College","portuguese","PT","pt",0,"no",
"571152b41217b","15-Apr-2016 21:44:36 WEST","26","Male","Bachelor Degree","portuguese","GB","pt",0,"no","3"
"57115317eb242","15-Apr-2016 21:46:15 WEST","22","Male","Master Degree","portuguese","PT","pt",2,"no","4"
"571153ca15566","15-Apr-2016 21:49:14 WEST","32","Male","Ensino Superior - Mestrado","portuguese","PT","pt",32,"no","11"
"571153e3025f9","15-Apr-2016 21:49:39 WEST","22","Female","Bachelor Degree","portuguese","PT","pt",11,"no","9"
"571154184c9bd","15-Apr-2016 21:50:32 WEST","47","Female","Master Degree","spanish","PT","es",32,"no","-43"
"5711541e3ef89","15-Apr-2016 21:50:38 WEST","53","Male","Master Degree","portuguese","PT","pt",2,"no","-48"
"5711551e1b7df","15-Apr-2016 21:54:54 WEST","20","Male","High-School","portuguese","PT","pt",0,"no",
"57115527dee63","15-Apr-2016 21:55:03 WEST","24","Male","Bachelor Degree","portuguese","PT","pt",0,"no","3"
"5711574f222d7","15-Apr-2016 22:04:15 WEST","26","Female","Bachelor Degree","german","DE","de",0,"no","2"
"571158157bb3c","15-Apr-2016 22:07:33 WEST","20","Male","Bachelor Degree","portuguese","PT","pt",4,"no","5"
"571159a285eb6","15-Apr-2016 22:14:10 WEST","20","Female","High-School","portuguese","PT","pt",0,"no",
"57115a350b741","15-Apr-2016 22:16:37 WEST","21","Female","High-School","portuguese","PT","pt",0,"no",
"57115b3134031","15-Apr-2016 22:20:49 WEST","22","Female","Master Degree","portuguese","PT","pt",0,"no",
"57115d36d525e","15-Apr-2016 22:29:26 WEST","22","Female","Bachelor Degree","portuguese","PT","pt",0,"no","4"
"57115d964a760","15-Apr-2016 22:31:02 WEST","24","Male","Bachelor Degree","italian","IT","it",0,"no","6"
"57115f380c990","15-Apr-2016 22:38:00 WEST","20","Female","Master Degree","portuguese","PT","pt",0,"no",
"5711602ded5e3","15-Apr-2016 22:42:05 WEST","48","Female","Doctoral Degree","portuguese","PT","pt",4,"no","16"
"5711613cca97d","15-Apr-2016 22:46:36 WEST","23","Female","Bachelor Degree","portuguese","PT","pt",2,"no","7"
"571163013744e","15-Apr-2016 22:54:09 WEST","53","Female","Master Degree","portuguese","PT","pt",13,"no","-44"
"5711641931da5","15-Apr-2016 22:58:49 WEST","20","Female","Bachelor Degree","portuguese","PT","pt",32,"no","-42"
"571165992a5c1","15-Apr-2016 23:05:13 WEST","67","Female","Ensino Secundário","portuguese","PT","pt",32,"no","43"
"5711666e6f11e","15-Apr-2016 23:08:46 WEST","35","Female","Master Degree","portuguese","PT","pt",1,"no","5"
"571167f889576","15-Apr-2016 23:15:20 WEST","20","Female","Bachelor Degree","portuguese","PT","pt",0,"no",
"57116853496b5","15-Apr-2016 23:16:51 WEST","20","Female","Bachelor Degree","portuguese","PT","pt",1,"no","5"
"571168cfec0f3","15-Apr-2016 23:18:55 WEST","20","Female","Bachelor Degree","portuguese","PT","pt",0,"no","2"
"57116b7e2df86","15-Apr-2016 23:30:22 WEST","50","Female","Master Degree","portuguese","PT","pt",0,"no","3"
"57116b9b879bf","15-Apr-2016 23:30:51 WEST","20","Male","College","portuguese","PT","pt",32,"no","14"
"57116ca12d4a0","15-Apr-2016 23:35:13 WEST","18","Female","High-School","portuguese","PT","pt",0,"no",
"57116ce8cf9e5","15-Apr-2016 23:36:24 WEST","50","Female","Master Degree","portuguese","PT","pt",7,"no","16"
"57116cefafde6","15-Apr-2016 23:36:31 WEST","21","Female","Bachelor Degree","spanish","ES","es",0,"no","4"
"5711703bd85fc","15-Apr-2016 23:50:35 WEST","18","Female","Master Degree","portuguese","PT","pt",32,"no","-50"
"571170b3ccb0a","15-Apr-2016 23:52:35 WEST","28","Male","Master Degree","portuguese","PT","pt",0,"no",
"571171d59aaee","15-Apr-2016 23:57:25 WEST","21","Male","High-School","portuguese","PT","pt",3,"no","-56"
"57117233f16c5","15-Apr-2016 23:58:59 WEST","26","Male","Bachelor Degree","portuguese","PT","en",0,"no",
"5711760a3dfe0","16-Apr-2016 0:15:22 WEST","21","Male","College","portuguese","PT","pt",8,"no","4"
"57117b1840694","16-Apr-2016 0:36:56 WEST","23","Male","Bachelor Degree","portuguese","PT","pt",3,"no","3"
"57117dba6bf85","16-Apr-2016 0:48:10 WEST","25","Female","Bachelor Degree","portuguese","PT","pt",0,"no",
"57117fe7495aa","16-Apr-2016 0:57:27 WEST","48","Female","College","portuguese","PT","pt",5,"no","-46"
"5711800f2c5f3","16-Apr-2016 0:58:07 WEST","59","Female","Bachelor Degree","portuguese","PT","pt",31,"no","-23"
"571183866d73f","16-Apr-2016 1:12:54 WEST","48","Female","College","portuguese","PT","pt",32,"no","40"
"57118f3185613","16-Apr-2016 2:02:41 WEST","18","Female","High-School","portuguese","PT","pt",0,"no","3"
"57119224388ef","16-Apr-2016 2:15:16 WEST","24","Male","High-School","portuguese","PT","pt",31,"no","13"
"5711ace2ee7ed","16-Apr-2016 4:09:22 WEST","24","Male","Bachelor Degree","portuguese","PT","pt",32,"no","14"
"5711cbde51bb0","16-Apr-2016 6:21:34 WEST","24","Male","Master Degree","portuguese","PT","pt",31,"no","11"
"5711e40263e04","16-Apr-2016 8:04:34 WEST","44","Female","High-School","portuguese","PT","pt",0,"no",
"5711e54c50f6b","16-Apr-2016 8:10:04 WEST","19","Male","College","portuguese","PT","pt",4,"no","8"
"5711eaec4b831","16-Apr-2016 8:34:04 WEST","22","Male","Master Degree","french","DE","fr",3,"no","5"
"5711ebe98b6d1","16-Apr-2016 8:38:17 WEST","44","Female","Master Degree","portuguese","PT","pt",0,"no",
"5711f4392713d","16-Apr-2016 9:13:45 WEST","45","Female","Master Degree","portuguese","PT","pt",0,"no",
"5711f4ec96b9c","16-Apr-2016 9:16:44 WEST","45","Female","Master Degree","portuguese","PT","pt",6,"no","5"
"5711f7d48d9a3","16-Apr-2016 9:29:08 WEST","44","Female","Master Degree","portuguese","PT","pt",0,"no",
"5711fa7171c43","16-Apr-2016 9:40:17 WEST","36","Female","Master Degree","spanish","MZ","es",0,"no","5"
"5711fa9267519","16-Apr-2016 9:40:50 WEST","20","Female","High-School","german","DE","de",0,"no",
"57120015ea279","16-Apr-2016 10:04:21 WEST","43","Female","High-School","portuguese","PT","pt",0,"no",
"5712088e0ec7b","16-Apr-2016 10:40:30 WEST","26","Female","Master Degree","portuguese","PT","pt",0,"no",
"57120d338509d","16-Apr-2016 11:00:19 WEST","28","Male","Master Degree","portuguese","PT","pt",2,"no","4"
"571210e10d88b","16-Apr-2016 11:16:01 WEST","23","Male","Master Degree","portuguese","PT","pt",19,"no","15"
"571214121717c","16-Apr-2016 11:29:38 WEST","22","Male","Bachelor Degree","portuguese","PT","pt",32,"no","11"
"57121540dbb98","16-Apr-2016 11:34:40 WEST","18","Male","High-School","portuguese","PT","pt",7,"no","8"
"5712197fbccd5","16-Apr-2016 11:52:47 WEST","24","Female","Bachelor Degree","portuguese","PT","pt",32,"no","-43"
"57121a9db4723","16-Apr-2016 11:57:33 WEST","21","Female","Bachelor Degree","portuguese","PT","pt",0,"no","-57"
"57121da339779","16-Apr-2016 12:10:27 WEST","31","Female","Bachelor Degree","portuguese","GB","pt",0,"no","3"
"57121e2a63601","16-Apr-2016 12:12:42 WEST","21","Male","Bachelor Degree","luxembourger","PT","pt",31,"no","12"
"571220ea1e364","16-Apr-2016 12:24:26 WEST","23","Male","Bachelor Degree","portuguese","FR","pt",0,"no","1"
"571225c43811d","16-Apr-2016 12:45:08 WEST","50","Female","Master Degree","portuguese","TP","pt",0,"no",
"571227e34f933","16-Apr-2016 12:54:11 WEST","38","Female","Master Degree","portuguese","PT","pt",0,"no",
"57122801e1da9","16-Apr-2016 12:54:41 WEST","23","Male","High-School","portuguese","PT","pt",17,"no","-54"
"57122e814fb61","16-Apr-2016 13:22:25 WEST","26","Male","Master Degree","portuguese","PT","pt",4,"no","4"
"57122f7e5768f","16-Apr-2016 13:26:38 WEST","23","Male","Master Degree","portuguese","PT","pt",4,"no","5"
"57123bec83e8e","16-Apr-2016 14:19:40 WEST","21","Male","Master Degree","portuguese","PT","pt",32,"no","12"
"57123e4050550","16-Apr-2016 14:29:36 WEST","20","Female","College","portuguese","PT","pt",40,"no","-29"
"57124290029cc","16-Apr-2016 14:48:00 WEST","24","Male","College","portuguese","PT","pt",0,"no","1"
"571243bcc8142","16-Apr-2016 14:53:00 WEST","24","Male","College","portuguese","PT","pt",12,"no","-41"
"57124490bb9db","16-Apr-2016 14:56:32 WEST","47","Female","Master Degree","portuguese","PT","pt",0,"no",
"571245dfd5f63","16-Apr-2016 15:02:07 WEST","24","Female","Master Degree","portuguese","PT","pt",8,"no","6"
"571245f0af12d","16-Apr-2016 15:02:24 WEST","21","Male","High-School","portuguese","PT","pt",3,"no","4"
"571247f66fb51","16-Apr-2016 15:11:02 WEST","27","Male","Master Degree","portuguese","PT","pt",32,"no","18"
"571250d5ed94e","16-Apr-2016 15:48:53 WEST","21","Male","High-School","portuguese","PT","pt",0,"no","2"
"57125194dfaea","16-Apr-2016 15:52:04 WEST","24","Male","Master Degree","portuguese","PT","pt",0,"no","1"
"57125269186ff","16-Apr-2016 15:55:37 WEST","29","Male","Master Degree","portuguese","PT","pt",0,"no","3"
"571252b436ab0","16-Apr-2016 15:56:52 WEST","22","Male","Bachelor Degree","portuguese","PT","pt",2,"no","-55"
"571252e6d2e70","16-Apr-2016 15:57:42 WEST","31","Female","Master Degree","portuguese","PT","pt",32,"no","-34"
"571254945e4d5","16-Apr-2016 16:04:52 WEST","20","Male","High-School","portuguese","PT","pt",3,"no","4"
"571258759533d","16-Apr-2016 16:21:25 WEST","22","Female","College","portuguese","PT","pt",0,"no",
"57125f3d4e1cd","16-Apr-2016 16:50:21 WEST","55","Female","Master Degree","portuguese","PT","pt",0,"no",
"571260c120253","16-Apr-2016 16:56:49 WEST","22","Male","Master Degree","portuguese","PT","pt",32,"no","-43"
"5712629044460","16-Apr-2016 17:04:32 WEST","36","Female","Bachelor Degree","french","PT","fr",0,"no",
"5712649f2fada","16-Apr-2016 17:13:19 WEST","26","Male","Master Degree","portuguese","PT","pt",12,"no","7"
"57126595532de","16-Apr-2016 17:17:25 WEST","22","Male","Master Degree","portuguese","PT","pt",1,"no","2"
"571267aea7f42","16-Apr-2016 17:26:22 WEST","26","Female","Bachelor Degree","portuguese","PT","pt",0,"no","5"
"57126ded93a6e","16-Apr-2016 17:53:01 WEST","45","Female","Bachelor Degree","portuguese","GB","pt",0,"no","4"
"571270e61121c","16-Apr-2016 18:05:42 WEST","51","Male","Doctoral Degree","portuguese","PT","pt",0,"no",
"571271fd586a4","16-Apr-2016 18:10:21 WEST","43","Female","High-School","portuguese","PT","pt",0,"no",
"5712787a337a9","16-Apr-2016 18:38:02 WEST","18","Female","College","portuguese","PT","pt",7,"no","5"
"57127bcfaafb0","16-Apr-2016 18:52:15 WEST","22","Female","Bachelor Degree","portuguese","PT","pt",32,"no","-48"
"57127c785b70c","16-Apr-2016 18:55:04 WEST","24","Male","College","portuguese","PT","pt",0,"no",
"57127c96a8385","16-Apr-2016 18:55:34 WEST","27","Female","Master Degree","portuguese","PT","pt",0,"no","4"
"57127cb3ab1fe","16-Apr-2016 18:56:03 WEST","1","Male","Master Degree","portuguese","PT","pt",12,"no","-50"
"571285350bf39","16-Apr-2016 19:32:21 WEST","43","Female","College","portuguese","PT","pt",0,"no","6"
"571289b54625d","16-Apr-2016 19:51:33 WEST","22","Female","Master Degree","portuguese","PT","pt",0,"no",
"571289ef76e18","16-Apr-2016 19:52:31 WEST","55","Female","Ensino Superior - Licenciatura","portuguese","PT","pt",31,"no","26"
"57128fb86c6a7","16-Apr-2016 20:17:12 WEST","34","Male","Master Degree","portuguese","PT","pt",0,"no","2"
"571290e28820b","16-Apr-2016 20:22:10 WEST","43","Female","College","portuguese","PT","pt",10,"no","8"
"571296a7c17bb","16-Apr-2016 20:46:47 WEST","21","Female","High-School","portuguese","PT","pt",0,"no",
"57129d6d25453","16-Apr-2016 21:15:41 WEST","21","Female","Bachelor Degree","portuguese","PT","pt",2,"no","7"
"5712a254e00f7","16-Apr-2016 21:36:36 WEST","18","Female","High-School","portuguese","PT","pt",18,"no","8"
"5712a47f6f8a6","16-Apr-2016 21:45:51 WEST","44","Male","Bachelor Degree","portuguese","PT","pt",12,"no","-45"
"5712a8c62a0fc","16-Apr-2016 22:04:06 WEST","43","Female","High-School","portuguese","PT","pt",0,"no",
"5712b84f63be5","16-Apr-2016 23:10:23 WEST","17","Male","High-School","portuguese","PT","pt",0,"no",
"5712bd55a8a13","16-Apr-2016 23:31:49 WEST","27","Female","Master Degree","portuguese","PT","pt",32,"no","10"
"5712c1176d5f8","16-Apr-2016 23:47:51 WEST","23","Male","Bachelor Degree","portuguese","PT","pt",3,"no","4"
"5712c2b021f58","16-Apr-2016 23:54:40 WEST","22","Female","College","portuguese","PT","pt",32,"no","-48"
"5712c57f97f25","17-Apr-2016 0:06:39 WEST","25","Female","Bachelor Degree","portuguese","PT","pt",31,"no","13"
"5712c87ca790b","17-Apr-2016 0:19:24 WEST","20","Male","High-School","portuguese","PT","pt",0,"no",
"5712d16eb8094","17-Apr-2016 0:57:34 WEST","22","Male","Master Degree","portuguese","PT","pt",5,"no","-49"
"5712d9bc0cae3","17-Apr-2016 1:33:00 WEST","20","Female","Bachelor Degree","portuguese","PT","pt",7,"no","6"
"5712f05014a92","17-Apr-2016 3:09:20 WEST","33","Male","Bachelor Degree","portuguese","PT","pt",0,"no","2"
"57134ca950635","17-Apr-2016 9:43:21 WEST","24","Female","Bachelor Degree","portuguese","PT","pt",0,"no","4"
"57138a1e5c357","17-Apr-2016 14:05:34 WEST","21","Female","Bachelor Degree","portuguese","PT","pt",0,"no","2"
"57138ac176750","17-Apr-2016 14:08:17 WEST","21","Male","Bachelor Degree","portuguese","PT","pt",7,"no","8"
"5713923c1bbc7","17-Apr-2016 14:40:12 WEST","24","Female","Bachelor Degree","portuguese","PT","pt",27,"no","-2"
"5713a02a13044","17-Apr-2016 15:39:38 WEST","24","Female","Bachelor Degree","portuguese","PT","pt",32,"yes","-37"
"5713a98d6158e","17-Apr-2016 16:19:41 WEST","23","Female","Master Degree","portuguese","PT","pt",0,"no",
"5713aa57bebec","17-Apr-2016 16:23:03 WEST","24","Female","Master Degree","portuguese","PT","pt",12,"no","7"
"5713acb331c3c","17-Apr-2016 16:33:07 WEST","24","Female","Master Degree","portuguese","PT","pt",7,"no","5"
"5713ad43312ab","17-Apr-2016 16:35:31 WEST","23","Female","Bachelor Degree","portuguese","PT","pt",1,"no","2"
"5713b10383207","17-Apr-2016 16:51:31 WEST","40","Male","Master Degree","portuguese","PT","pt",32,"no","-34"
"5713b12b6bfe1","17-Apr-2016 16:52:11 WEST","25","Female","Master Degree","portuguese","NL","pt",0,"no","3"
"5713b1512b337","17-Apr-2016 16:52:49 WEST","28","Male","Master Degree","andorran","AD","en",0,"no","3"
"5713b961c216a","17-Apr-2016 17:27:13 WEST","647","Male","Master Degree","argentinean","AQ","none",11,"no","5"
"5713ca8413673","17-Apr-2016 18:40:20 WEST","30","Female","Bachelor Degree","american","US","en",0,"no","3"
"5713ca85c56c3","17-Apr-2016 18:40:21 WEST","25","Female","Bachelor Degree","portuguese","PT","pt",0,"no","3"
"5713ce8c57c5e","17-Apr-2016 18:57:32 WEST","40","Female","College","american","US","en",2,"no","-55"
"5713d35d52897","17-Apr-2016 19:18:05 WEST","23","Female","Bachelor Degree","portuguese","GB","pt",0,"no","9"
"5713d766113e9","17-Apr-2016 19:35:18 WEST","21","Male","College","portuguese","PT","pt",4,"no","5"
"5713dd915ca28","17-Apr-2016 20:01:37 WEST","24","Female","Bachelor Degree","portuguese","PT","pt",20,"no","9"
"5713ddde59251","17-Apr-2016 20:02:54 WEST","22","Female","Bachelor Degree","portuguese","PT","pt",1,"no","5"
"5713e73998df9","17-Apr-2016 20:42:49 WEST","25","Male","Bachelor Degree","portuguese","FI","pt",4,"no","5"
"5713fc80c942a","17-Apr-2016 22:13:36 WEST","23","Female","Master Degree","portuguese","PT","pt",32,"no","16"
"571410751e7b0","17-Apr-2016 23:38:45 WEST","22","Female","College","portuguese","PT","pt",12,"no","7"
"57142079d871e","18-Apr-2016 0:47:05 WEST","51","Male","Doctoral Degree","portuguese","PT","pt",8,"no","4"
"5714373377b80","18-Apr-2016 2:24:03 WEST","58","Female","Ensino Superior - Mestrado","portuguese","PT","pt",0,"no","27"
"57143cf5433f2","18-Apr-2016 2:48:37 WEST","58","Female","Ensino Superior - Licenciatura","portuguese","TL","pt",0,"no","50"
"5714851a1c6b6","18-Apr-2016 7:56:26 WEST","39","Female","Doctoral Degree","portuguese","PT","pt",0,"no","2"
"57149713464b1","18-Apr-2016 9:13:07 WEST","51","Female","Doctoral Degree","portuguese","PT","pt",32,"no","5"
"57149a6bd7377","18-Apr-2016 9:27:23 WEST","46","Female","Master Degree","portuguese","PT","pt",0,"no","2"
"5714c6c26c2f6","18-Apr-2016 12:36:34 WEST","21","Male","College","portuguese","PT","pt",11,"no","12"
"5714cd4075da5","18-Apr-2016 13:04:16 WEST","22","Male","Bachelor Degree","portuguese","PT","pt",0,"no",
"5714d563c6e52","18-Apr-2016 13:38:59 WEST","49","Female","Master Degree","portuguese","PT","pt",13,"no","9"
"5714dc153397f","18-Apr-2016 14:07:33 WEST","27","Female","Master Degree","portuguese","PT","pt",3,"no","5"
"571505229d5d3","18-Apr-2016 17:02:42 WEST","24","Male","Master Degree","portuguese","PT","pt",0,"no",
"571534076a966","18-Apr-2016 20:22:47 WEST","52","Male","Master Degree","portuguese","PT","pt",9,"no","7"
"57153d9a56ce0","18-Apr-2016 21:03:38 WEST","62","Female","Doctoral Degree","portuguese","PT","pt",9,"no","7"
"57153eb9b4bed","18-Apr-2016 21:08:25 WEST","35","Female","Master Degree","portuguese","PT","pt",31,"no","19"
"571568408e2bc","19-Apr-2016 0:05:36 WEST","51","Female","Master Degree","portuguese","PT","pt",0,"no","3"
"5715b5a3424f2","19-Apr-2016 5:35:47 WEST","58","Female","Ensino Superior - Licenciatura","portuguese","TL","pt",0,"no","37"
"5715ea836193d","19-Apr-2016 9:21:23 WEST","83","Female","Ensino Primário","portuguese","PT","pt",3,"no","34"
"5715f69931d4c","19-Apr-2016 10:12:57 WEST","23","Male","Ensino Superior - Licenciatura","portuguese","PT","pt",7,"no","22"
"57167b0c32a32","19-Apr-2016 19:38:04 WEST","21","Female","Bachelor Degree","portuguese","PT","pt",0,"no",
"5716d167b95e4","20-Apr-2016 1:46:31 WEST","69","Female","Ensino Superior - Licenciatura","portuguese","PT","pt",2,"no","-39"
"5716e9900f6ea","20-Apr-2016 3:29:36 WEST","58","Female","Ensino Superior - Licenciatura","portuguese","TL","pt",31,"no","25"
"571758337313b","20-Apr-2016 11:21:39 WEST","25","Male","Master Degree","turkish","TR","tr",0,"no","2"
"57190633f233f","21-Apr-2016 17:56:19 WEST","30","Male","Master Degree","portuguese","PT","pt",32,"no","-38"
"571d3dade2548","24-Apr-2016 22:42:05 WEST","23","Female","High-School","portuguese","GB","pt",0,"no","2"
"57206f483cee0","27-Apr-2016 8:50:32 WEST","34","Male","Bachelor Degree","portuguese","NL","pt",0,"no",
"57210499d711c","27-Apr-2016 19:27:37 WEST","24","Male","Master Degree","portuguese","PT","pt",0,"no",
"572106a31c230","27-Apr-2016 19:36:19 WEST","24","Male","Master Degree","portuguese","PT","pt",16,"no","20"
"5727633cd6511","2-May-2016 15:25:00 WEST","25","Male","Master Degree","portuguese","PT","pt",11,"no","0"
"5727635041e99","2-May-2016 15:25:20 WEST","38","Male","Master Degree","portuguese","PT","pt",5,"no","0"
"572763ddcf8e6","2-May-2016 15:27:41 WEST","21","Male","Bachelor Degree","portuguese","PT","pt",0,"no",
"572767049ccfa","2-May-2016 15:41:08 WEST","24","Male","Ensino Superior - Mestrado","portuguese","PT","pt",32,"yes","15"
"57276731cfba9","2-May-2016 15:41:53 WEST","20","Male","College","portuguese","PT","pt",5,"no","0"
"57276995206d6","2-May-2016 15:52:05 WEST","23","Male","Bachelor Degree","portuguese","PT","pt",3,"no","0"
"572769e715a07","2-May-2016 15:53:27 WEST","21","Male","Bachelor Degree","portuguese","PT","pt",0,"no",
"57276b9045959","2-May-2016 16:00:32 WEST","20","Male","High-School","portuguese","PT","pt",0,"no",
"57276ede1eb9a","2-May-2016 16:14:38 WEST","21","Male","College","portuguese","PT","pt",0,"no","0"
"572772db6dfc7","2-May-2016 16:31:39 WEST","30","Female","Master Degree","portuguese","PT","pt",0,"no",
"57277ba3c5a5c","2-May-2016 17:09:07 WEST","20","Male","Bachelor Degree","portuguese","PT","pt",8,"no","0"
"57278316ba781","2-May-2016 17:40:54 WEST","29","Female","Master Degree","portuguese","PT","pt",0,"no",
"572798f8e0873","2-May-2016 19:14:16 WEST","24","Female","Master Degree","portuguese","PT","pt",0,"no",
"5727d86840dc8","2-May-2016 23:44:56 WEST","37","Male","Bachelor Degree","portuguese","PT","pt",7,"no","0"
"5727df72a21e1","3-May-2016 0:14:58 WEST","20","Male","College","portuguese","PT","pt",0,"no",
"5727e49793f7b","3-May-2016 0:36:55 WEST","22","Male","Bachelor Degree","portuguese","PT","pt",10,"no","0"
"5727e52f4ca22","3-May-2016 0:39:27 WEST","25","Male","Bachelor Degree","portuguese","PT","pt",0,"no",
"5727f6d19e901","3-May-2016 1:54:41 WEST","19","Female","High-School","portuguese","PT","pt",5,"no","0"
"572934019041e","4-May-2016 0:28:01 WEST","20","Female","High-School","portuguese","PT","pt",6,"no","0"
"572a7874c1e2e","4-May-2016 23:32:20 WEST","19","Male","High-School","portuguese","PT","pt",6,"no","0"
"572a791f6405b","4-May-2016 23:35:11 WEST","22","Male","Bachelor Degree","portuguese","PT","pt",1,"no","0"
"572b033bd6453","5-May-2016 9:24:27 WEST","20","Female","College","portuguese","PT","pt",0,"no",
"572b0e14cff93","5-May-2016 10:10:44 WEST","18","Female","High-School","portuguese","none","pt",0,"no","0"
"572baa7f9493c","5-May-2016 21:18:07 WEST","20","Female","Bachelor Degree","portuguese","PT","pt",10,"no","0"
"572bae630c7f6","5-May-2016 21:34:43 WEST","34","Female","Master Degree","portuguese","PT","pt",0,"no",
"572c85675a5ef","6-May-2016 12:52:07 WEST","23","Male","Bachelor Degree","portuguese","PT","pt",32,"yes","1"
"573458f591e9d","12-May-2016 11:20:37 WEST","25","Female","Bachelor Degree","australian","AU","en",0,"no",
"5734625ac1bc1","12-May-2016 12:00:42 WEST","23","Female","Bachelor Degree","canadian","CA","en",0,"no",
"573468a8d9227","12-May-2016 12:27:36 WEST","19","Female","High-School","british","AU","en",0,"no","0"
"57346e0b82fcf","12-May-2016 12:50:35 WEST","27","Male","Master Degree","french","FR","fr",0,"no","0"
"57346f25ac9dc","12-May-2016 12:55:17 WEST","27","Male","Master Degree","french","FR","fr",0,"no","0"
"573471c4dc6b4","12-May-2016 13:06:28 WEST","18","Female","High-School","british","GB","en",0,"no",
"573472733042a","12-May-2016 13:09:23 WEST","29","Male","Bachelor Degree","american","US","en",0,"no","0"
"573472a925174","12-May-2016 13:10:17 WEST","35","Male","Bachelor Degree","australian","AU","en",0,"no","0"
"573475db20e7e","12-May-2016 13:23:55 WEST","33","Female","College","andorran","AD","es",0,"no","0"
"5734778df39f9","12-May-2016 13:31:09 WEST","33","Female","Bachelor Degree","latvian","LV","lv",0,"no","0"
"5734779e28d4b","12-May-2016 13:31:26 WEST","23","Female","Bachelor Degree","new zealander","NZ","en",3,"no","0"
"5734803cbd960","12-May-2016 14:08:12 WEST","29","Female","Master Degree","american","US","en",0,"no","0"
"5734817c4a26e","12-May-2016 14:13:32 WEST","33","Female","College","andorran","AD","es",0,"no","0"
"5734832299c6e","12-May-2016 14:20:34 WEST","28","Female","High-School","american","US","en",0,"no",
"573484bd7176c","12-May-2016 14:27:25 WEST","24","Female","Bachelor Degree","american","US","en",0,"no",
"5734852e3d824","12-May-2016 14:29:18 WEST","19","Female","No Academic Degree","australian","AU","en",0,"no",
"5734859ae4a90","12-May-2016 14:31:06 WEST","20","Female","High-School","american","US","en",0,"no","0"
"5734867f61fa6","12-May-2016 14:34:55 WEST","17","Male","High-School","canadian","CA","en",0,"no","0"
"573487c07746d","12-May-2016 14:40:16 WEST","20","Male","Bachelor Degree","american","US","en",0,"no","0"
"5734888924dde","12-May-2016 14:43:37 WEST","24","Female","Bachelor Degree","swedish","SE","sv",0,"no","0"
"573489a51a63c","12-May-2016 14:48:21 WEST","17","Male","High-School","australian","AU","en",0,"no","0"
"573489efc113b","12-May-2016 14:49:35 WEST","24","Male","College","austrian","AT","de",0,"no","0"
"57348b0557c9b","12-May-2016 14:54:13 WEST","24","Male","College","austrian","AT","de",0,"no","0"
"57348b721234b","12-May-2016 14:56:02 WEST","24","Male","College","austrian","AT","de",0,"no","0"
"57348e842e5cf","12-May-2016 15:09:08 WEST","36","Male","High-School","american","US","en",0,"no","0"
"5734900b1d90e","12-May-2016 15:15:39 WEST","24","Female","Bachelor Degree","american","US","en",0,"no",
"5734918f46823","12-May-2016 15:22:07 WEST","26","Male","Bachelor Degree","canadian","CA","en",32,"no","0"
"5734928578a82","12-May-2016 15:26:13 WEST","21","Male","Bachelor Degree","australian","AU","en",0,"no","0"
"5734969e2d360","12-May-2016 15:43:42 WEST","15","Male","No Academic Degree","australian","AU","en",0,"no","0"
"5734986b53a5f","12-May-2016 15:51:23 WEST","17","Male","High-School","american","US","en",0,"no","0"
"57349b83df119","12-May-2016 16:04:35 WEST","22","Male","Bachelor Degree","none","none","en",0,"no","0"
"5734a37ae1096","12-May-2016 16:38:34 WEST","23","Female","College","american","US","en",0,"no","0"
"5734a397bac02","12-May-2016 16:39:03 WEST","21","Female","Bachelor Degree","canadian","CA","en",0,"no","0"
"5734aa4c927a8","12-May-2016 17:07:40 WEST","22","Male","Bachelor Degree","belgian","BE","nl",15,"no","0"
"5734ab1acddbc","12-May-2016 17:11:06 WEST","21","Female","College","canadian","CA","en",0,"no","0"
"5734ad21c455d","12-May-2016 17:19:45 WEST","27","Male","Master Degree","american","US","en",0,"no","0"
"5734adaa824cc","12-May-2016 17:22:02 WEST","25","Female","High-School","american","US","en",0,"no","0"
"5734afb1afab5","12-May-2016 17:30:41 WEST","33","Female","Bachelor Degree","american","US","en_US",0,"no","0"
"5734b3efd45eb","12-May-2016 17:48:47 WEST","26","Male","College","american","US","en",4,"no","0"
"5734b514551ad","12-May-2016 17:53:40 WEST","16","Male","No Academic Degree","british","GB","en",0,"no","0"
"5734b7388a309","12-May-2016 18:02:48 WEST","20","Male","High-School","british","GB","en",0,"no","0"
"5734b9b419116","12-May-2016 18:13:24 WEST","33","Female","Master Degree","canadian","CA","en",0,"no","0"
"5734bb397c0b0","12-May-2016 18:19:53 WEST","26","Female","College","american","US","en",0,"no","0"
"5734bdaf52f52","12-May-2016 18:30:23 WEST","21","Female","Bachelor Degree","american","US","en",0,"no","0"
"5734be3458ec0","12-May-2016 18:32:36 WEST","23","Male","Bachelor Degree","american","US","en",0,"no","0"
"5734cbe103932","12-May-2016 19:30:57 WEST","33","Female","College","none","US","en_US",0,"no","0"
"5734cc8a319b1","12-May-2016 19:33:46 WEST","20","Female","Bachelor Degree","american","US","en",0,"no","0"
"5734d00c2ae97","12-May-2016 19:48:44 WEST","18","Female","High-School","american","US","en_US",0,"no","0"
"5734d42cdb25d","12-May-2016 20:06:20 WEST","24","Female","Bachelor Degree","american","US","en_US",0,"no",
"5734d59744006","12-May-2016 20:12:23 WEST","25","Male","Bachelor Degree","american","US","en",0,"no",
"5734d7d289018","12-May-2016 20:21:54 WEST","19","Female","Bachelor Degree","american","US","en_US",0,"no","0"
"5734d81ba001b","12-May-2016 20:23:07 WEST","19","Female","High-School","welsh","GB","en",3,"no","0"
"5734d89183dab","12-May-2016 20:25:05 WEST","19","Female","High-School","british","GB","en",29,"no","0"
"5734dc3aed51a","12-May-2016 20:40:42 WEST","20","Female","Bachelor Degree","american","US","en",0,"no","0"
"5734dca8bafe4","12-May-2016 20:42:32 WEST","24","Female","Bachelor Degree","american","US","en",0,"no",
"5734de869432d","12-May-2016 20:50:30 WEST","19","Female","High-School","american","US","en",0,"no","0"
"5734e06ed4110","12-May-2016 20:58:38 WEST","18","Male","No Academic Degree","american","US","en",0,"no","1"
"5734e10f85ee9","12-May-2016 21:01:19 WEST","29","Male","Bachelor Degree","american","US","en",0,"no","0"
"5734e397122ce","12-May-2016 21:12:07 WEST","19","Male","College","german","DE","de",6,"no","0"
"5734e848ad81a","12-May-2016 21:32:08 WEST","21","Male","High-School","german","US","en",4,"no","0"
"5734ec8c8102f","12-May-2016 21:50:20 WEST","32","Female","Bachelor Degree","american","US","en_US",0,"no",
"5734f3ec5fa38","12-May-2016 22:21:48 WEST","29","Female","Bachelor Degree","american","US","en",0,"no","0"
"5735cbb5a6419","13-May-2016 13:42:29 WEST","25","Female","Master Degree","new zealander","NZ","en",0,"no","0"
"5735ccf7073c7","13-May-2016 13:47:51 WEST","20","Male","High-School","dutch","NL","nl",0,"no","0"
"5735d0dd6acd9","13-May-2016 14:04:29 WEST","37","Female","High-School","australian","AU","en",0,"no","0"
"5735d336c0595","13-May-2016 14:14:30 WEST","21","Female","College","american","US","en",0,"no","0"
"5735d3455a84c","13-May-2016 14:14:45 WEST","29","Male","Master Degree","british","GB","en",32,"no","0"
"5735d97dedb94","13-May-2016 14:41:17 WEST","17","Female","High-School","finnish","FI","fi",0,"no","0"
"5735db5ac69d9","13-May-2016 14:49:14 WEST","33","Female","College","andorran","AD","es",0,"no","0"
"5735dbb6ea18b","13-May-2016 14:50:46 WEST","43","Female","Bachelor Degree","south african","ZA","en",0,"no",
"5735de9d0cefe","13-May-2016 15:03:09 WEST","57","Female","Bachelor Degree","american","US","en",0,"no",
"5735e5395b194","13-May-2016 15:31:21 WEST","21","Male","Bachelor Degree","canadian","CA","en",0,"no","0"
"5735e55365790","13-May-2016 15:31:47 WEST","19","Female","Bachelor Degree","canadian","CA","en",0,"no","0"
"5735e601ea8f4","13-May-2016 15:34:41 WEST","19","Female","Bachelor Degree","american","US","en",0,"no",
"5735e71ff13c2","13-May-2016 15:39:27 WEST","30","Female","Master Degree","british","IE","en",0,"no","0"
"5735e78a07a8a","13-May-2016 15:41:14 WEST","14","Male","No Academic Degree","american","US","en",0,"no",
"5735e93073755","13-May-2016 15:48:16 WEST","20","Female","College","american","US","en",0,"no","0"
"5735ebdb81044","13-May-2016 15:59:39 WEST","16","Female","High-School","american","US","en",0,"no","1"
"5735f6ce71ec4","13-May-2016 16:46:22 WEST","23","Female","Bachelor Degree","american","US","en",0,"no","0"
"5735fec3dea00","13-May-2016 17:20:19 WEST","21","Female","High-School","american","US","en",0,"no","0"
"5735ffeea4c56","13-May-2016 17:25:18 WEST","18","Male","High-School","american","US","en",0,"no","0"
"5736048bb110b","13-May-2016 17:44:59 WEST","19","Male","High-School","american","GB","en",32,"no","0"
"573607add000c","13-May-2016 17:58:21 WEST","38","Male","High-School","canadian","CA","en",5,"no","1"
"573613f41b5d8","13-May-2016 18:50:44 WEST","31","Male","Bachelor Degree","american","US","en",0,"no","0"
"573613f4689a3","13-May-2016 18:50:44 WEST","18","Male","High-School","british","GB","en",7,"no","0"
"57361d6d91ac9","13-May-2016 19:31:09 WEST","22","Female","Bachelor Degree","american","US","en",0,"no","0"
"57361e2483d9a","13-May-2016 19:34:12 WEST","22","Female","Bachelor Degree","american","US","en",0,"no","0"
"573634984323e","13-May-2016 21:10:00 WEST","19","Male","High-School","swedish","SE","sv",32,"no","0"
"57363b3954a26","13-May-2016 21:38:17 WEST","55","Male","Bachelor Degree","american","US","en",16,"no","0"
"57363ccf1a09c","13-May-2016 21:45:03 WEST","22","Male","Bachelor Degree","american","US","en_US",0,"no","0"
"573664e1a4a96","14-May-2016 0:36:01 WEST","49","Male","High-School","british","GB","en",18,"no","0"
"57366b85a3a8f","14-May-2016 1:04:21 WEST","24","Male","Bachelor Degree","american","US","es",0,"no",
"57366c16a607a","14-May-2016 1:06:46 WEST","38","Male","High-School","chilean","CL","es",0,"no",
"57366c199283c","14-May-2016 1:06:49 WEST","19","Male","Bachelor Degree","canadian","CA","en",32,"no","0"
"57367337bac0c","14-May-2016 1:37:11 WEST","18","Female","College","norwegian","US","en",0,"no","0"
"573678e895606","14-May-2016 2:01:28 WEST","27","Male","Bachelor Degree","polish","PL","pl",2,"no","0"
"57367d7a145f0","14-May-2016 2:20:58 WEST","17","Female","High-School","canadian","CA","ru",0,"no",
"5736836fd61af","14-May-2016 2:46:23 WEST","25","Female","Doctoral Degree","american","US","en",0,"no","0"
"5736845a516c9","14-May-2016 2:50:18 WEST","33","Female","High-School","american","US","en_US",0,"no","0"
"5736898cdb44e","14-May-2016 3:12:28 WEST","37","Female","Bachelor Degree","american","US","en",0,"no","0"
"5736953487484","14-May-2016 4:02:12 WEST","31","Male","Bachelor Degree","american","US","en",0,"no","0"
"573696e457fb9","14-May-2016 4:09:24 WEST","32","Female","Master Degree","american","US","en",0,"no","0"
"57369eaeb524c","14-May-2016 4:42:38 WEST","21","Male","Bachelor Degree","american","US","en",0,"no","0"
"5736af99e16c0","14-May-2016 5:54:49 WEST","20","Female","College","american","US","en_US",0,"no","0"
"5736b0a48d73b","14-May-2016 5:59:16 WEST","21","Male","Bachelor Degree","american","US","en",0,"no","1"
"5736b1f8694e2","14-May-2016 6:04:56 WEST","29","Female","Bachelor Degree","american","US","en",0,"no",
"5736b97fd7f50","14-May-2016 6:37:03 WEST","25","Female","Master Degree","new zealander","NZ","en",0,"no","0"
"5736c23af29f1","14-May-2016 7:14:18 WEST","21","Male","College","american","US","en",0,"no","0"
"5736cd7461418","14-May-2016 8:02:12 WEST","27","Female","Bachelor Degree","australian","AU","en",0,"no","0"
"5736f83760c35","14-May-2016 11:04:39 WEST","23","Male","High-School","australian","AU","en",0,"no","0"
"573736df61954","14-May-2016 15:31:59 WEST","16","Male","No Academic Degree","australian","AU","en",0,"no","0"
"57377ef85dd0c","14-May-2016 20:39:36 WEST","21","Male","Bachelor Degree","british","GB","en",0,"no","0"
"5737bd0984446","15-May-2016 1:04:25 WEST","16","Female","High-School","british","GB","en",0,"no","0"
"5737db294fe38","15-May-2016 3:12:57 WEST","20","Female","College","american","US","en_US",0,"no","0"
"5737f8de4622c","15-May-2016 5:19:42 WEST","23","Male","High-School","american","US","en",0,"no","0"
"5738cf3d97a58","15-May-2016 20:34:21 WEST","23","Male","Bachelor Degree","south african","ZA","af",32,"no","0"
"5739307e6f905","16-May-2016 3:29:18 WEST","18","Female","Bachelor Degree","american","US","en",0,"no","0"
"5739ff85289b2","16-May-2016 18:12:37 WEST","56","Female","Ensino Secundário","portuguese","PT","pt",25,"yes","18"
"573a059da0efd","16-May-2016 18:38:37 WEST","31","Female","Ensino Secundário","portuguese","PT","pt",32,"yes","18"
"573a0b8280839","16-May-2016 19:03:46 WEST","29","Male","Ensino Secundário","portuguese","PT","pt",21,"yes","19"
"573adcbf2dd80","17-May-2016 9:56:31 WEST","33","Female","College","andorran","AD","es",0,"no","0"
"573b071202893","17-May-2016 12:57:06 WEST","18","Male","College","british","GB","en",0,"no","0"
"573c70dabcfe0","18-May-2016 14:40:42 WEST","49","Male","Ensino Secundário","portuguese","PT","pt",32,"yes","15"
"573c783748e8b","18-May-2016 15:12:07 WEST","37","Female","Ensino Secundário","portuguese","PT","pt",32,"yes","15"
"573e4022949b1","19-May-2016 23:37:22 WEST","24","Male","Ensino Superior - Licenciatura","british","PT","pt",32,"yes","23"
"573e47c26cb8e","20-May-2016 0:09:54 WEST","24","Male","Ensino Superior - Mestrado","portuguese","PT","pt",32,"yes","0"
"573e4d0eb795b","20-May-2016 0:32:30 WEST","24","Male","Ensino Superior - Licenciatura","portuguese","PT","pt",32,"yes","0"
"573ec4275ba17","20-May-2016 9:00:39 WEST","24","Female","Ensino Superior - Licenciatura","portuguese","PT","pt",32,"yes","9"
"573edae85268b","20-May-2016 10:37:44 WEST","27","Male","Ensino Superior - Mestrado","portuguese","PT","pt",32,"yes","11"
"5740a8b59d448","21-May-2016 19:28:05 WEST","31","Female","Ensino Superior - Mestrado","portuguese","PT","pt",32,"yes","19"
"5740ad339507d","21-May-2016 19:47:15 WEST","40","Male","Ensino Superior - Licenciatura","portuguese","PT","pt",32,"yes","19"
"5740b0f8e9734","21-May-2016 20:03:20 WEST","62","Male","Ensino Superior - Mestrado","portuguese","PT","pt",33,"yes","20"
"5740b686127bb","21-May-2016 20:27:02 WEST","32","Male","Ensino Superior - Mestrado","portuguese","PT","pt",32,"yes","20"
"5740bda9be3dc","21-May-2016 20:57:29 WEST","83","Female","Ensino Superior - Licenciatura","portuguese","PT","pt",32,"yes","21"
"5740dfcc0103f","21-May-2016 23:23:08 WEST","49","Female","Ensino Superior - Licenciatura","portuguese","PT","pt",0,"yes",
"5740e3f36a945","21-May-2016 23:40:51 WEST","49","Female","Ensino Superior - Licenciatura","portuguese","PT","pt",32,"yes","0"
"5740edb148f5a","22-May-2016 0:22:25 WEST","21","Female","High-School","american","US","en",0,"no",
"5740ef462d2f0","22-May-2016 0:29:10 WEST","45","Male","High-School","american","US","en",0,"no","0"
"5740f286634ff","22-May-2016 0:43:02 WEST","29","Male","Bachelor Degree","american","US","en",0,"no","0"
"5740f4af701fb","22-May-2016 0:52:15 WEST","18","Male","High-School","american","US","en_US",0,"no","0"
"5740fc9adf364","22-May-2016 1:26:02 WEST","26","Male","Doctoral Degree","american","US","en",0,"no","0"
"5740fddf77ff8","22-May-2016 1:31:27 WEST","17","Male","High-School","american","US","en",0,"no",
"574102c390bad","22-May-2016 1:52:19 WEST","29","Female","Bachelor Degree","australian","AU","en",0,"no","0"
"574104ca95526","22-May-2016 2:00:58 WEST","21","Male","Bachelor Degree","new zealander","NZ","en",0,"no",
"574104d729bb5","22-May-2016 2:01:11 WEST","18","Male","High-School","american","US","en",0,"no","0"
"57410611290e3","22-May-2016 2:06:25 WEST","22","Other","Bachelor Degree","british","GB","en",5,"no","0"
"57410b045abcd","22-May-2016 2:27:32 WEST","21","Female","Bachelor Degree","canadian","CA","en",0,"no",
"57410f1cb8bf6","22-May-2016 2:45:00 WEST","23","Female","College","american","US","en",0,"no","0"
"57410f691ee0a","22-May-2016 2:46:17 WEST","23","Female","High-School","american","US","en",0,"no","0"
"574111eccf2b0","22-May-2016 2:57:00 WEST","27","Female","Bachelor Degree","american","US","en",0,"no",
"5741123b287b9","22-May-2016 2:58:19 WEST","14","Male","No Academic Degree","canadian","CA","en",0,"no","1"
"5741195583f06","22-May-2016 3:28:37 WEST","25","Female","College","australian","AU","en",0,"no","0"
"574121b9e952d","22-May-2016 4:04:25 WEST","22","Female","College","vietnamese","US","en",5,"no","0"
"5741222d65900","22-May-2016 4:06:21 WEST","25","Female","Master Degree","none","US","en",0,"no","0"
"5741232cdb37f","22-May-2016 4:10:36 WEST","25","Female","Bachelor Degree","german","US","en",0,"no","0"
"57412f1c7e45d","22-May-2016 5:01:32 WEST","16","Male","High-School","american","US","en",0,"no",
"57412f2535cf6","22-May-2016 5:01:41 WEST","16","Male","High-School","american","US","en",0,"no","0"
"57413314d5422","22-May-2016 5:18:28 WEST","21","Female","College","american","US","en",0,"no","0"
"57413d8c34412","22-May-2016 6:03:08 WEST","17","Male","High-School","none","US","en",0,"no","0"
"57415482045d3","22-May-2016 7:41:06 WEST","24","Female","Bachelor Degree","american","US","en_US",0,"no",
"57415bfb2748a","22-May-2016 8:12:59 WEST","19","Female","High-School","american","US","en",0,"no","0"
"574185703370e","22-May-2016 11:09:52 WEST","22","Male","College","american","US","en",1,"no","0"
"574192b1ada08","22-May-2016 12:06:25 WEST","14","Male","High-School","australian","AU","en",0,"no",
"5741d1d8f00d7","22-May-2016 16:35:52 WEST","25","Female","Doctoral Degree","none","US","en",0,"no","0"
"57427cf6bad0c","23-May-2016 4:45:58 WEST","19","Female","College","american","US","en",32,"no","1"
"574297edae49c","23-May-2016 6:41:01 WEST","24","Male","Master Degree","french","FR","fr",32,"no","0"
"5743248310df0","23-May-2016 16:40:51 WEST","57","Female","High-School","none","US","en_US",0,"no","0"
"5743b9d36db28","24-May-2016 3:17:55 WEST","15","Female","No Academic Degree","british","GB","en",0,"no","0"
"5744d43d54176","24-May-2016 23:22:53 WEST","62","Male","College","british","GB","en",0,"no","0"
"5744daad16bdd","24-May-2016 23:50:21 WEST","17","Female","High-School","american","US","en_US",0,"no","0"
"5744dce84ffa5","24-May-2016 23:59:52 WEST","16","Male","High-School","british","GB","en",13,"no","-23"
"5744dd1fb4794","25-May-2016 0:00:47 WEST","22","Male","Bachelor Degree","canadian","CA","en",0,"no","0"
"5744de54ab373","25-May-2016 0:05:56 WEST","22","Male","Bachelor Degree","canadian","CA","en",0,"no","0"
"5744e0f401bf6","25-May-2016 0:17:08 WEST","19","Other","High-School","irish","US","en",0,"no","0"
"5744eb1a299e0","25-May-2016 1:00:26 WEST","16","Female","High-School","american","US","ru",0,"no","0"
"5744f13852adc","25-May-2016 1:26:32 WEST","17","Male","No Academic Degree","australian","AU","en",0,"no","0"
"5744f16e71426","25-May-2016 1:27:26 WEST","29","Female","Bachelor Degree","american","US","en",0,"no","0"
"5744f31cc8909","25-May-2016 1:34:36 WEST","18","Male","High-School","none","US","en",0,"no",
"5744fb95f2472","25-May-2016 2:10:45 WEST","26","Female","Master Degree","american","US","en",0,"no",
"5744fbad59263","25-May-2016 2:11:09 WEST","31","Male","Bachelor Degree","american","US","en",0,"no",
"5744ffbd17e24","25-May-2016 2:28:29 WEST","28","Male","Master Degree","none","US","en",0,"no","0"
"574507427156d","25-May-2016 3:00:34 WEST","34","Female","Bachelor Degree","american","US","en_US",0,"no","0"
"574509e9b6788","25-May-2016 3:11:53 WEST","25","Female","Bachelor Degree","american","US","en_US",0,"no","0"
"574511e99b6d9","25-May-2016 3:46:01 WEST","19","Female","College","welsh","GB","en",32,"no","0"
"5745122710d8b","25-May-2016 3:47:03 WEST","53","Female","Bachelor Degree","canadian","CA","en",0,"no",
"5745133a2365f","25-May-2016 3:51:38 WEST","23","Female","Bachelor Degree","american","US","en",0,"no",
"57451480d1bc2","25-May-2016 3:57:04 WEST","15","Female","High-School","american","US","en",0,"no","0"
"57451c2695ea4","25-May-2016 4:29:42 WEST","26","Female","Bachelor Degree","american","US","en",0,"no","0"
"57451c3b38192","25-May-2016 4:30:03 WEST","23","Female","Bachelor Degree","american","US","en",32,"no","0"
"574521a4dc02a","25-May-2016 4:53:08 WEST","20","Female","College","american","US","en_US",0,"no","0"
"574521c39ab4e","25-May-2016 4:53:39 WEST","55","Female","Bachelor Degree","american","US","en",0,"no","0"
"574521d4eba5b","25-May-2016 4:53:56 WEST","23","Female","College","american","US","en",0,"no","0"
"57452245a117d","25-May-2016 4:55:49 WEST","18","Other","Bachelor Degree","american","US","en",0,"no",
"57452255ec556","25-May-2016 4:56:05 WEST","20","Female","College","american","US","en_US",0,"no","0"
"57452280af816","25-May-2016 4:56:48 WEST","18","Male","High-School","american","US","en_US",0,"no","0"
"574522bfb776a","25-May-2016 4:57:51 WEST","20","Female","College","american","US","en_US",0,"no","0"
"57452aec0bb64","25-May-2016 5:32:44 WEST","27","Female","Bachelor Degree","american","US","en",0,"no","0"
"57452c506d23c","25-May-2016 5:38:40 WEST","24","Male","Bachelor Degree","none","US","en",0,"no","0"
"57452c67c8c82","25-May-2016 5:39:03 WEST","23","Female","Bachelor Degree","none","US","en",0,"no","0"
"57452d05650dc","25-May-2016 5:41:41 WEST","19","Male","High-School","swedish","SE","sv",0,"no","0"
"574530429b4cb","25-May-2016 5:55:30 WEST","14","Male","No Academic Degree","american","US","en",0,"no","0"
"574532be5d6a3","25-May-2016 6:06:06 WEST","19","Female","High-School","canadian","CA","en",0,"no","0"
"574533f9221ba","25-May-2016 6:11:21 WEST","19","Female","High-School","canadian","CA","en",0,"no","0"
"5745342ddbc65","25-May-2016 6:12:13 WEST","28","Male","Bachelor Degree","american","US","en_US",0,"no",
"5745342ec7112","25-May-2016 6:12:14 WEST","39","Female","No Academic Degree","american","US","en",0,"no","0"
"5745350dc1e22","25-May-2016 6:15:57 WEST","19","Female","High-School","canadian","CA","en",31,"no","0"
"57453ababd8b1","25-May-2016 6:40:10 WEST","18","Female","High-School","american","US","en",0,"no","0"
"57453bf84d7c8","25-May-2016 6:45:28 WEST","18","Female","High-School","american","US","en",0,"no","0"
"57453c72d7287","25-May-2016 6:47:30 WEST","19","Female","High-School","australian","GB","en",0,"no","0"
"57453d94ab5c0","25-May-2016 6:52:20 WEST","28","Female","High-School","american","US","en",0,"no",
"57453d954627b","25-May-2016 6:52:21 WEST","28","Female","High-School","american","US","en",0,"no","0"
"574549ad057e1","25-May-2016 7:43:57 WEST","25","Female","High-School","canadian","CA","fr",0,"no","0"
"57454b2b3cd4c","25-May-2016 7:50:19 WEST","20","Male","College","american","US","en",0,"no","0"
"57454d991f708","25-May-2016 8:00:41 WEST","20","Male","High-School","american","US","en",0,"no",
"5745500f6e643","25-May-2016 8:11:11 WEST","24","Female","High-School","american","US","en",32,"no","0"
"574556beb79b9","25-May-2016 8:39:42 WEST","36","Female","Bachelor Degree","american","US","en",0,"no","0"
"5745618d391df","25-May-2016 9:25:49 WEST","18","Male","High-School","canadian","CA","en",0,"no",
"5745711cbbd36","25-May-2016 10:32:12 WEST","20","Female","Bachelor Degree","american","US","en",0,"no",
"574578c266f6b","25-May-2016 11:04:50 WEST","20","Male","College","canadian","CA","en_US",0,"no","0"
"574584520b354","25-May-2016 11:54:10 WEST","17","Male","High-School","greek","GR","el",0,"no","0"
"574584ae5dde1","25-May-2016 11:55:42 WEST","29","Female","Master Degree","american","JP","en_US",0,"no","1"
"574598d2c75c8","25-May-2016 13:21:38 WEST","23","Female","Doctoral Degree","canadian","CA","en",0,"no","0"
"57459c393bbd0","25-May-2016 13:36:09 WEST","29","Male","Bachelor Degree","australian","AU","en",31,"no","0"
"5745b504d32a4","25-May-2016 15:21:56 WEST","26","Other","Master Degree","welsh","GB","en",0,"no","0"
"5745b5cbe3caa","25-May-2016 15:25:15 WEST","34","Female","Master Degree","american","FR","en",32,"no","0"
"5745bf9879869","25-May-2016 16:07:04 WEST","22","Male","High-School","canadian","CA","en_US",0,"no","0"
"5745c1c07cc0c","25-May-2016 16:16:16 WEST","18","Other","High-School","american","US","en",31,"no","0"
"5745c58900495","25-May-2016 16:32:25 WEST","25","Female","Master Degree","american","US","en",0,"no","0"
"5745c84ec417d","25-May-2016 16:44:14 WEST","27","Female","High-School","finnish","FI","fi",0,"no",
"5745db4588cf1","25-May-2016 18:05:09 WEST","21","Male","High-School","canadian","CA","en",0,"no",
"5745f6f039dc9","25-May-2016 20:03:12 WEST","15","Male","No Academic Degree","canadian","CA","en",33,"no","0"
"574628a9e94a1","25-May-2016 23:35:21 WEST","18","Male","No Academic Degree","spanish","ES","es",4,"no","0"
"574632588c33e","26-May-2016 0:16:40 WEST","20","Female","College","armenian","US","hy",0,"no","0"
"574859b8f3379","27-May-2016 15:29:13 WEST","30","Male","Ensino Superior - Mestrado","portuguese","PT","pt",32,"yes","15"
"5749c6a70055f","28-May-2016 17:26:15 WEST","17","Male","No Academic Degree","american","US","en",1,"no","0"
"574a2d84bbab9","29-May-2016 0:45:08 WEST","20","Female","College","new zealander","NZ","en",0,"no","0"
"574bfc55969b0","30-May-2016 9:39:49 WEST","17","Female","High-School","australian","AU","bn",0,"no","0"
"574d242acc8f9","31-May-2016 6:42:02 WEST","21","Female","Bachelor Degree","canadian","CA","en",0,"no","0"
"574d821bdb543","31-May-2016 13:22:51 WEST","20","Female","College","australian","AU","en",0,"no","0"
"5756ab1701ba0","7-Jun-2016 12:08:07 WEST","21","Male","Ensino Superior - Licenciatura","portuguese","PT","pt",32,"yes","12"
"5756ae6897296","7-Jun-2016 12:22:16 WEST","21","Male","Ensino Superior - Licenciatura","portuguese","PT","pt",32,"yes","12"
"5756b2d9bd658","7-Jun-2016 12:41:13 WEST","23","Female","Ensino Superior - Licenciatura","portuguese","PT","pt",32,"yes","12"
"5757fd2703090","8-Jun-2016 12:10:31 WEST","22","Male","Ensino Superior - Licenciatura","portuguese","PT","pt",32,"yes","12"
"5757ffca0b4b1","8-Jun-2016 12:21:46 WEST","24","Male","Ensino Superior - Licenciatura","portuguese","PT","pt",32,"yes","12"
"57581518c2c07","8-Jun-2016 13:52:40 WEST","25","Male","Ensino Superior - Mestrado","portuguese","PT","pt",32,"yes","14"
"57582b17cd76a","8-Jun-2016 15:26:31 WEST","26","Male","Ensino Superior - Mestrado","PT","PT","pt",32,"yes","15"
